sno,link
0,https://www.amazon.in/ref=nav_logo
1,https://www.amazon.in/prime?ref=nav_logo_prime_join
2,https://www.amazon.in/ap/signin?openid.return_to=https%3A%2F%2Fwww.amazon.in%2F%3F_encoding%3DUTF8%26opf_redir%3D1%26ref_%3Dnav_ya_signin&openid.identity=http%3A%2F%2Fspecs.openid.net%2Fauth%2F2.0%2Fidentifier_select&openid.assoc_handle=inflex&openid.mode=checkid_setup&openid.claimed_id=http%3A%2F%2Fspecs.openid.net%2Fauth%2F2.0%2Fidentifier_select&openid.ns=http%3A%2F%2Fspecs.openid.net%2Fauth%2F2.0&&openid.pape.max_auth_age=0
3,https://www.amazon.in/gp/prime?ref=nav_prime_try_btn
4,https://www.amazon.in/gp/registry/wishlist?ref=nav_wishlist_btn
5,https://www.amazon.in/gp/cart/view.html?ref=nav_cart
6,https://www.amazon.in/gp/site-directory?ref=nav_shopall_btn
7,https://www.amazon.in/gp/yourstore/home?ref=nav_cs_ys
8,https://www.amazon.in/gp/goldbox?ref=nav_topnav_deals
9,https://www.amazon.in/gp/sva/dashboard?ref=nav_apay
10,https://www.amazon.in/selling?ref=nav_cs_sell
11,https://www.amazon.in/gp/help/customer/display.html?nodeId=200507590&ref=nav_topnav_help
12,https://www.amazon.in#
13,https://www.amazon.in/b/ref=GW-fall-launch?node=14156834031&pf_rd_p=33ac50db-6607-4259-9fab-9e2a19e46569&pf_rd_r=ZJFSTB1YAYBAKMW3AVC4
14,https://www.amazon.in#
15,https://www.amazon.in/dp/ref=gw_newDesktop/B0792PG3S8?pf_rd_p=f6bffa54-e998-4260-8888-efce57d44c69&pf_rd_r=ZJFSTB1YAYBAKMW3AVC4
16,https://www.amazon.in/dp/ref=gw_newDesktop/B0792PG3S8?pf_rd_p=f6bffa54-e998-4260-8888-efce57d44c69&pf_rd_r=ZJFSTB1YAYBAKMW3AVC4
17,https://www.amazon.in/dp/ref=gw_newDesktop/B07CTTL5GR?pf_rd_p=9eddcc50-746a-4957-89f8-f21ce3aa4208&pf_rd_r=ZJFSTB1YAYBAKMW3AVC4
18,https://www.amazon.in/dp/ref=gw_newDesktop/B07CTTL5GR?pf_rd_p=9eddcc50-746a-4957-89f8-f21ce3aa4208&pf_rd_r=ZJFSTB1YAYBAKMW3AVC4
19,https://www.amazon.in/dp/ref=gw_newDesktop/B07F3NJJMG?pf_rd_p=59fb34d7-47f6-4f3a-ac01-b9f6d0836fcc&pf_rd_r=ZJFSTB1YAYBAKMW3AVC4
20,https://www.amazon.in/dp/ref=gw_newDesktop/B07F3NJJMG?pf_rd_p=59fb34d7-47f6-4f3a-ac01-b9f6d0836fcc&pf_rd_r=ZJFSTB1YAYBAKMW3AVC4
21,https://www.amazon.in/b/ref=GW-fall-launch?node=14854433031&pf_rd_p=2893b658-3918-4255-93bf-545ad6032ee7&pf_rd_r=ZJFSTB1YAYBAKMW3AVC4
22,https://www.amazon.in/b/ref=nav_shopall_shopall_catpage?node=14854433031&pf_rd_p=2893b658-3918-4255-93bf-545ad6032ee7&pf_rd_r=ZJFSTB1YAYBAKMW3AVC4
23,https://www.amazon.in/gp/prime
24,https://www.amazon.in/gp/prime
25,https://www.amazon.in:443/gp/redirect.html/ref=gw_allDeals?location=https://www.amazon.in/gp/goldbox&token=47DD8DDAD663E937644CA7842CD3B318100EE6C0&source=standards&pf_rd_m=A1VBAL9TL5WCBF&pf_rd_s=&pf_rd_r=ZJFSTB1YAYBAKMW3AVC4&pf_rd_t=36701&pf_rd_p=455e46ee-5d1d-4709-ad32-c7ff55a0896f&pf_rd_i=desktop
26,https://www.amazon.in/JBL-C100SI-Ear-Headphones-Black/dp/B01DEWVZ2C/ref=br_msw_pdt-1?_encoding=UTF8&smid=A14CZOWI0VEHLG&pf_rd_m=A1VBAL9TL5WCBF&pf_rd_s=&pf_rd_r=ZJFSTB1YAYBAKMW3AVC4&pf_rd_t=36701&pf_rd_p=455e46ee-5d1d-4709-ad32-c7ff55a0896f&pf_rd_i=desktop
27,https://www.amazon.in/Pigeon-Stovekraft-Plastic-Chopper-Blades/dp/B074S7XLPY/ref=br_msw_pdt-2?_encoding=UTF8&smid=AT95IG9ONZD7S&pf_rd_m=A1VBAL9TL5WCBF&pf_rd_s=&pf_rd_r=ZJFSTB1YAYBAKMW3AVC4&pf_rd_t=36701&pf_rd_p=455e46ee-5d1d-4709-ad32-c7ff55a0896f&pf_rd_i=desktop
28,https://www.amazon.in/Pigeon-Stovekraft-Plastic-Chopper-Blades/dp/B01LWYDEQ7/ref=br_msw_pdt-3?_encoding=UTF8&smid=AT95IG9ONZD7S&pf_rd_m=A1VBAL9TL5WCBF&pf_rd_s=&pf_rd_r=ZJFSTB1YAYBAKMW3AVC4&pf_rd_t=36701&pf_rd_p=455e46ee-5d1d-4709-ad32-c7ff55a0896f&pf_rd_i=desktop
29,https://www.amazon.in/Toyshine-High-Stability-Stickerless-3X3X3/dp/B01CML16CK/ref=br_msw_pdt-4?_encoding=UTF8&smid=A1RDS4H20GYJMB&pf_rd_m=A1VBAL9TL5WCBF&pf_rd_s=&pf_rd_r=ZJFSTB1YAYBAKMW3AVC4&pf_rd_t=36701&pf_rd_p=455e46ee-5d1d-4709-ad32-c7ff55a0896f&pf_rd_i=desktop
30,https://www.amazon.in/REDUX-Analogue-Black-Watch-Rws0106/dp/B075FY4RWK/ref=br_msw_pdt-5?_encoding=UTF8&smid=A2NSMMC7X1GFYE&pf_rd_m=A1VBAL9TL5WCBF&pf_rd_s=&pf_rd_r=ZJFSTB1YAYBAKMW3AVC4&pf_rd_t=36701&pf_rd_p=455e46ee-5d1d-4709-ad32-c7ff55a0896f&pf_rd_i=desktop
31,https://www.amazon.in/Prestige-Iris-Grinder-Stainless-Juicer/dp/B0756K5DYZ/ref=br_msw_pdt-6?_encoding=UTF8&smid=AT95IG9ONZD7S&pf_rd_m=A1VBAL9TL5WCBF&pf_rd_s=&pf_rd_r=ZJFSTB1YAYBAKMW3AVC4&pf_rd_t=36701&pf_rd_p=455e46ee-5d1d-4709-ad32-c7ff55a0896f&pf_rd_i=desktop
32,https://www.amazon.in/HORNBULL-Brown-Mens-Wallet/dp/B072MFVNML/ref=br_msw_pdt-7?_encoding=UTF8&smid=A1LQ5DK9U47UYN&pf_rd_m=A1VBAL9TL5WCBF&pf_rd_s=&pf_rd_r=ZJFSTB1YAYBAKMW3AVC4&pf_rd_t=36701&pf_rd_p=455e46ee-5d1d-4709-ad32-c7ff55a0896f&pf_rd_i=desktop
33,https://www.amazon.in#
34,https://www.amazon.in#
35,https://www.amazon.in/b/ref=br_asw_smr?_encoding=UTF8&node=15428439031&pf_rd_m=A1VBAL9TL5WCBF&pf_rd_s=&pf_rd_r=ZJFSTB1YAYBAKMW3AVC4&pf_rd_t=36701&pf_rd_p=b2a1051f-8a51-45b4-828e-6b77ed53b6fe&pf_rd_i=desktop
36,https://www.amazon.in/OnePlus-Mirror-Black-64GB-memory/dp/B0756Z43QS/ref=br_asw_pdt-1?pf_rd_m=A1VBAL9TL5WCBF&pf_rd_s=&pf_rd_r=ZJFSTB1YAYBAKMW3AVC4&pf_rd_t=36701&pf_rd_p=b2a1051f-8a51-45b4-828e-6b77ed53b6fe&pf_rd_i=desktop
37,https://www.amazon.in/RealMe-Diamond-Black-64-GB/dp/B0784D7NFX/ref=br_asw_pdt-2?pf_rd_m=A1VBAL9TL5WCBF&pf_rd_s=&pf_rd_r=ZJFSTB1YAYBAKMW3AVC4&pf_rd_t=36701&pf_rd_p=b2a1051f-8a51-45b4-828e-6b77ed53b6fe&pf_rd_i=desktop
38,https://www.amazon.in/Honor-Blue-5-99-FullView-Display/dp/B077Q19RF9/ref=br_asw_pdt-3?pf_rd_m=A1VBAL9TL5WCBF&pf_rd_s=&pf_rd_r=ZJFSTB1YAYBAKMW3AVC4&pf_rd_t=36701&pf_rd_p=b2a1051f-8a51-45b4-828e-6b77ed53b6fe&pf_rd_i=desktop
39,https://www.amazon.in/Honor-Blue-4GB-32GB-Memory/dp/B0784BZ5VY/ref=br_asw_pdt-4?pf_rd_m=A1VBAL9TL5WCBF&pf_rd_s=&pf_rd_r=ZJFSTB1YAYBAKMW3AVC4&pf_rd_t=36701&pf_rd_p=b2a1051f-8a51-45b4-828e-6b77ed53b6fe&pf_rd_i=desktop
40,https://www.amazon.in/Huawei-Nova-3i-Black-Memory/dp/B07DJCJ9FD/ref=br_asw_pdt-5?pf_rd_m=A1VBAL9TL5WCBF&pf_rd_s=&pf_rd_r=ZJFSTB1YAYBAKMW3AVC4&pf_rd_t=36701&pf_rd_p=b2a1051f-8a51-45b4-828e-6b77ed53b6fe&pf_rd_i=desktop
41,https://www.amazon.in/Moto-G6-Indigo-Black-64GB/dp/B077Q42J3F/ref=br_asw_pdt-6?pf_rd_m=A1VBAL9TL5WCBF&pf_rd_s=&pf_rd_r=ZJFSTB1YAYBAKMW3AVC4&pf_rd_t=36701&pf_rd_p=b2a1051f-8a51-45b4-828e-6b77ed53b6fe&pf_rd_i=desktop
42,https://www.amazon.in/Samsung-Galaxy-J8-Black-Offers/dp/B07FH4PDHJ/ref=br_asw_pdt-7?pf_rd_m=A1VBAL9TL5WCBF&pf_rd_s=&pf_rd_r=ZJFSTB1YAYBAKMW3AVC4&pf_rd_t=36701&pf_rd_p=b2a1051f-8a51-45b4-828e-6b77ed53b6fe&pf_rd_i=desktop
43,https://www.amazon.in#
44,https://www.amazon.in#
45,https://www.amazon.ingp/BIT/aapromo?ie=UTF8%26bitCampaignCode=a0050&pf_rd_p=a2b6e5a1-d53b-494f-b6ec-3a8f9ebb5449&pf_rd_r=ZJFSTB1YAYBAKMW3AVC4
46,https://www.amazon.in/s?rh=i%3Afurniture%2Cn%3A1380441031%2Cn%3A5689444031%2Cn%3A5689465031%2Cn%3A5689466031%2Cp_98%3A10440597031%2Cp_36%3A200000-99999999&bbn=5689466031&sort=popularity-rank&ie=UTF8&pf_rd_p=7479cb82-efaa-4595-8098-2c0a93b51cc4&pf_rd_r=ZJFSTB1YAYBAKMW3AVC4
47,https://www.amazon.in/b/ref=br_asw_smr?_encoding=UTF8&node=1380369031&pf_rd_m=A1VBAL9TL5WCBF&pf_rd_s=&pf_rd_r=ZJFSTB1YAYBAKMW3AVC4&pf_rd_t=36701&pf_rd_p=b89ce0e8-9ebf-4ab5-9b88-216abc2355ab&pf_rd_i=desktop
48,https://www.amazon.in/Bosch-Free-Standing-Settings-Dishwasher-SMS60L18IN/dp/B01INB3Q0S/ref=br_asw_pdt-5?pf_rd_m=A1VBAL9TL5WCBF&pf_rd_s=&pf_rd_r=ZJFSTB1YAYBAKMW3AVC4&pf_rd_t=36701&pf_rd_p=b89ce0e8-9ebf-4ab5-9b88-216abc2355ab&pf_rd_i=desktop
49,https://www.amazon.in/IFB-Fully-Automatic-Senator-Aqua-SX/dp/B00LAXLN5C/ref=br_asw_pdt-6?pf_rd_m=A1VBAL9TL5WCBF&pf_rd_s=&pf_rd_r=ZJFSTB1YAYBAKMW3AVC4&pf_rd_t=36701&pf_rd_p=b89ce0e8-9ebf-4ab5-9b88-216abc2355ab&pf_rd_i=desktop
50,https://www.amazon.in/IFB-Fully-Automatic-Diva-Aqua-SX/dp/B071G3B81W/ref=br_asw_pdt-8?pf_rd_m=A1VBAL9TL5WCBF&pf_rd_s=&pf_rd_r=ZJFSTB1YAYBAKMW3AVC4&pf_rd_t=36701&pf_rd_p=b89ce0e8-9ebf-4ab5-9b88-216abc2355ab&pf_rd_i=desktop
51,https://www.amazon.in/LG-Semi-Automatic-Loading-Washing-P1860RWN5/dp/B0722854GR/ref=br_asw_pdt-9?pf_rd_m=A1VBAL9TL5WCBF&pf_rd_s=&pf_rd_r=ZJFSTB1YAYBAKMW3AVC4&pf_rd_t=36701&pf_rd_p=b89ce0e8-9ebf-4ab5-9b88-216abc2355ab&pf_rd_i=desktop
52,https://www.amazon.in/LG-Semi-Automatic-Loading-P9042R3SM-Burgundy/dp/B07227FS13/ref=br_asw_pdt-13?pf_rd_m=A1VBAL9TL5WCBF&pf_rd_s=&pf_rd_r=ZJFSTB1YAYBAKMW3AVC4&pf_rd_t=36701&pf_rd_p=b89ce0e8-9ebf-4ab5-9b88-216abc2355ab&pf_rd_i=desktop
53,https://www.amazon.in/IFB-Fully-Automatic-Senorita-Aqua-SX/dp/B00FZCA51C/ref=br_asw_pdt-16?pf_rd_m=A1VBAL9TL5WCBF&pf_rd_s=&pf_rd_r=ZJFSTB1YAYBAKMW3AVC4&pf_rd_t=36701&pf_rd_p=b89ce0e8-9ebf-4ab5-9b88-216abc2355ab&pf_rd_i=desktop
54,https://www.amazon.in/Bosch-Place-Setting-Dishwasher-SMS40E32EU/dp/B00LSJG8DU/ref=br_asw_pdt-21?pf_rd_m=A1VBAL9TL5WCBF&pf_rd_s=&pf_rd_r=ZJFSTB1YAYBAKMW3AVC4&pf_rd_t=36701&pf_rd_p=b89ce0e8-9ebf-4ab5-9b88-216abc2355ab&pf_rd_i=desktop
55,https://www.amazon.in#
56,https://www.amazon.in#
57,https://www.amazon.in/b/ref=PC_DesktopEdits?ie=UTF8&node=3419926031&pf_rd_p=92332d83-cae9-40b0-a29a-a98a131241f6&pf_rd_r=ZJFSTB1YAYBAKMW3AVC4
58,https://www.amazon.in/s/ref=br_asw_smr?_encoding=UTF8&bbn=1389401031&hidden-keywords=B0756Z43QS%7CB078BNQ313%7CB07GVMTWWX%7CB07GS2ZZ1X%7CB0756VRJ25%7CB077PW9ZRG%7CB07CPZ74CX%7CB0756YZHV5%7CB07DJCJ9FD%7CB078BNQ314%7CB077PWJLR2%7CB077Q42DTC%7CB077Q42J3F%7CB07DCJN5RJ%7CB07FH4PDHJ%7CB077PTT8SK%7CB078BNQ2ZS%7CB077PWBC6V%7CB077PWJP92%7CB07D167YND%7CB077PTJT5Z%7CB07C6Y2BFP%7CB077Q195JB%7CB01NCN4ICO%7CB077PW9V3L%7CB07DZZKBBL%7CB0725RBY9V%7CB07DCGXBPZ%7CB07FLP9Q11%7CB0784D8628%7CB0756RCTK2%7CB073VLGL5Y%7CB07D3HRF4K%7CB0756RCTK1%7CB07F678LSJ%7CB07D3L7STV%7CB07FBQT1S5%7CB07F6CQRKG%7CB07F1232ZL%7CB0728C6FJ9%7CB01NCN78PO%7CB07D856BVR%7CB071DF166C%7CB06ZXWWD6R%7CB01LX3A7CC%7CB07CH4SWTF%7CB07GSBWV2K%7CB07GSDM5XG%7CB078BNQ313%7CB07GVMTWWX%7CB07GS2ZZ1X%7CB0756VRJ25%7CB077PW9ZRG%7CB07CPZ74CX%7CB0756YZHV5%7CB07DJCJ9FD%7CB078BNQ314%7CB077PWJLR2%7CB077Q42DTC%7CB077Q42J3F%7CB07DCJN5RJ%7CB07FH4PDHJ%7CB077PTT8SK%7CB078BNQ2ZS%7CB077PWBC6V%7CB077PWJP92%7CB07D167YND%7CB077PTJT5Z%7CB07C6Y2BFP%7CB077Q195JB%7CB01NCN4ICO%7CB077PW9V3L%7CB07DZZKBBL%7CB0725RBY9V%7CB07DCGXBPZ%7CB07FLP9Q11%7CB0784D8628%7CB0756RCTK2%7CB073VLGL5Y%7CB07D3HRF4K%7CB0756RCTK1%7CB07F678LSJ%7CB07D3L7STV%7CB07FBQT1S5%7CB07F6CQRKG%7CB07F1232ZL%7CB0728C6FJ9%7CB01NCN78PO%7CB07D856BVR%7CB071DF166C%7CB06ZXWWD6R%7CB01LX3A7CC%7CB07CH4SWTF%7CB07GSBWV2K%7CB07GSDM5XG&rh=i%3Aelectronics%2Cn%3A976419031%2Cn%3A%21976420031%2Cn%3A1389401031%2Cp_85%3A10440599031%2Cp_36%3A1300000-99999999%2Cn%3A1389432031&pf_rd_m=A1VBAL9TL5WCBF&pf_rd_s=&pf_rd_r=ZJFSTB1YAYBAKMW3AVC4&pf_rd_t=36701&pf_rd_p=9c9b7cb3-162c-4ccc-8d71-060c4bc221ee&pf_rd_i=desktop
59,https://www.amazon.in/OnePlus-Mirror-Black-64GB-memory/dp/B0756Z43QS/ref=br_asw_pdt-1?pf_rd_m=A1VBAL9TL5WCBF&pf_rd_s=&pf_rd_r=ZJFSTB1YAYBAKMW3AVC4&pf_rd_t=36701&pf_rd_p=9c9b7cb3-162c-4ccc-8d71-060c4bc221ee&pf_rd_i=desktop
60,https://www.amazon.in/RealMe-Diamond-Black-128-GB/dp/B078BNQ313/ref=br_asw_pdt-2?pf_rd_m=A1VBAL9TL5WCBF&pf_rd_s=&pf_rd_r=ZJFSTB1YAYBAKMW3AVC4&pf_rd_t=36701&pf_rd_p=9c9b7cb3-162c-4ccc-8d71-060c4bc221ee&pf_rd_i=desktop
61,https://www.amazon.in/OPPO-Twilight-Blue-64GB-Offers/dp/B07GVMTWWX/ref=br_asw_pdt-3?pf_rd_m=A1VBAL9TL5WCBF&pf_rd_s=&pf_rd_r=ZJFSTB1YAYBAKMW3AVC4&pf_rd_t=36701&pf_rd_p=9c9b7cb3-162c-4ccc-8d71-060c4bc221ee&pf_rd_i=desktop
62,https://www.amazon.in/Honor-Black-4GB-64GB-Memory/dp/B077PTJT5Z/ref=br_asw_pdt-4?pf_rd_m=A1VBAL9TL5WCBF&pf_rd_s=&pf_rd_r=ZJFSTB1YAYBAKMW3AVC4&pf_rd_t=36701&pf_rd_p=9c9b7cb3-162c-4ccc-8d71-060c4bc221ee&pf_rd_i=desktop
63,https://www.amazon.in/Mi-Max-Black-64-GB/dp/B073VLGL5Y/ref=br_asw_pdt-6?pf_rd_m=A1VBAL9TL5WCBF&pf_rd_s=&pf_rd_r=ZJFSTB1YAYBAKMW3AVC4&pf_rd_t=36701&pf_rd_p=9c9b7cb3-162c-4ccc-8d71-060c4bc221ee&pf_rd_i=desktop
64,https://www.amazon.in/Moto-G6-Indigo-Black-32GB/dp/B077PW9V3L/ref=br_asw_pdt-7?pf_rd_m=A1VBAL9TL5WCBF&pf_rd_s=&pf_rd_r=ZJFSTB1YAYBAKMW3AVC4&pf_rd_t=36701&pf_rd_p=9c9b7cb3-162c-4ccc-8d71-060c4bc221ee&pf_rd_i=desktop
65,https://www.amazon.in/OnePlus-Midnight-Black-128GB-memory/dp/B0756YZHV5/ref=br_asw_pdt-9?pf_rd_m=A1VBAL9TL5WCBF&pf_rd_s=&pf_rd_r=ZJFSTB1YAYBAKMW3AVC4&pf_rd_t=36701&pf_rd_p=9c9b7cb3-162c-4ccc-8d71-060c4bc221ee&pf_rd_i=desktop
66,https://www.amazon.in#
67,https://www.amazon.in#
68,https://www.amazon.in/b?node=3704982031&pf_rd_p=d003e966-4583-4640-b8bf-55c4baea3adb&pf_rd_r=ZJFSTB1YAYBAKMW3AVC4
69,https://www.amazon.in/b?node=15358536031&pf_rd_p=2c47ae4c-d1e5-43e6-b34e-ecff57ea3896&pf_rd_r=ZJFSTB1YAYBAKMW3AVC4
70,https://www.amazon.in/b/ref=br_asw_smr?_encoding=UTF8&node=14371648031&pf_rd_m=A1VBAL9TL5WCBF&pf_rd_s=&pf_rd_r=ZJFSTB1YAYBAKMW3AVC4&pf_rd_t=36701&pf_rd_p=22d48ec7-268d-4ccc-98c6-8ff869b88d80&pf_rd_i=desktop
71,https://www.amazon.in/Toyzone-Eco-Panda-Magic-White/dp/B00TOC6MJI/ref=br_asw_pdt-1?pf_rd_m=A1VBAL9TL5WCBF&pf_rd_s=&pf_rd_r=ZJFSTB1YAYBAKMW3AVC4&pf_rd_t=36701&pf_rd_p=22d48ec7-268d-4ccc-98c6-8ff869b88d80&pf_rd_i=desktop
72,https://www.amazon.in/Intex-45642NP-Jungle-Fun-Cottage/dp/B000IOLDFO/ref=br_asw_pdt-2?pf_rd_m=A1VBAL9TL5WCBF&pf_rd_s=&pf_rd_r=ZJFSTB1YAYBAKMW3AVC4&pf_rd_t=36701&pf_rd_p=22d48ec7-268d-4ccc-98c6-8ff869b88d80&pf_rd_i=desktop
73,https://www.amazon.in/Intex-57435EP-Whale-Spray-Pool/dp/B000N9FBZW/ref=br_asw_pdt-3?pf_rd_m=A1VBAL9TL5WCBF&pf_rd_s=&pf_rd_r=ZJFSTB1YAYBAKMW3AVC4&pf_rd_t=36701&pf_rd_p=22d48ec7-268d-4ccc-98c6-8ff869b88d80&pf_rd_i=desktop
74,https://www.amazon.in/Mattel-Uno-Playing-Card-Game/dp/B00GTJSGXE/ref=br_asw_pdt-5?pf_rd_m=A1VBAL9TL5WCBF&pf_rd_s=&pf_rd_r=ZJFSTB1YAYBAKMW3AVC4&pf_rd_t=36701&pf_rd_p=22d48ec7-268d-4ccc-98c6-8ff869b88d80&pf_rd_i=desktop
75,https://www.amazon.in/Funskool-Jenga/dp/B009ZC9WU8/ref=br_asw_pdt-6?pf_rd_m=A1VBAL9TL5WCBF&pf_rd_s=&pf_rd_r=ZJFSTB1YAYBAKMW3AVC4&pf_rd_t=36701&pf_rd_p=22d48ec7-268d-4ccc-98c6-8ff869b88d80&pf_rd_i=desktop
76,https://www.amazon.in/Funskool-Monopoly-Deluxe/dp/B009PGE2YK/ref=br_asw_pdt-7?pf_rd_m=A1VBAL9TL5WCBF&pf_rd_s=&pf_rd_r=ZJFSTB1YAYBAKMW3AVC4&pf_rd_t=36701&pf_rd_p=22d48ec7-268d-4ccc-98c6-8ff869b88d80&pf_rd_i=desktop
77,https://www.amazon.in/Intex-Inflatable-Multi-Color-2-feet/dp/B000OV0X3Y/ref=br_asw_pdt-8?pf_rd_m=A1VBAL9TL5WCBF&pf_rd_s=&pf_rd_r=ZJFSTB1YAYBAKMW3AVC4&pf_rd_t=36701&pf_rd_p=22d48ec7-268d-4ccc-98c6-8ff869b88d80&pf_rd_i=desktop
78,https://www.amazon.in#
79,https://www.amazon.in#
80,https://www.amazon.in/b/ref=desktop_mso?_encoding=UTF8&node=6612085031&pf_rd_m=A1VBAL9TL5WCBF&pf_rd_s=&pf_rd_r=ZJFSTB1YAYBAKMW3AVC4&pf_rd_t=36701&pf_rd_p=f9b3f28c-045f-4aae-8a7d-7845216f62ff&pf_rd_i=desktop
81,https://www.amazon.in/gp/product/B013I80LPY/ref=s9u_hps_gw_i1?ie=UTF8&pd_rd_i=B013I80LPY&pd_rd_r=a785cbcb-be29-11e8-9b1a-7775b14c28fa&pd_rd_w=aeyPk&pd_rd_wg=eVwch&pf_rd_m=A1VBAL9TL5WCBF&pf_rd_s=&pf_rd_r=ZJFSTB1YAYBAKMW3AVC4&pf_rd_t=36701&pf_rd_p=f9b3f28c-045f-4aae-8a7d-7845216f62ff&pf_rd_i=desktop
82,https://www.amazon.in/gp/product/B008R70F4O/ref=s9u_hps_gw_i2?ie=UTF8&pd_rd_i=B008R70F4O&pd_rd_r=a785cbcb-be29-11e8-9b1a-7775b14c28fa&pd_rd_w=aeyPk&pd_rd_wg=eVwch&pf_rd_m=A1VBAL9TL5WCBF&pf_rd_s=&pf_rd_r=ZJFSTB1YAYBAKMW3AVC4&pf_rd_t=36701&pf_rd_p=f9b3f28c-045f-4aae-8a7d-7845216f62ff&pf_rd_i=desktop
83,https://www.amazon.in/gp/product/B06Y15BP1B/ref=s9u_hps_gw_i3?ie=UTF8&pd_rd_i=B06Y15BP1B&pd_rd_r=a785cbcb-be29-11e8-9b1a-7775b14c28fa&pd_rd_w=aeyPk&pd_rd_wg=eVwch&pf_rd_m=A1VBAL9TL5WCBF&pf_rd_s=&pf_rd_r=ZJFSTB1YAYBAKMW3AVC4&pf_rd_t=36701&pf_rd_p=f9b3f28c-045f-4aae-8a7d-7845216f62ff&pf_rd_i=desktop
84,https://www.amazon.in/gp/product/B01L1CEZ6K/ref=s9u_hps_gw_i4?ie=UTF8&pd_rd_i=B01L1CEZ6K&pd_rd_r=a785cbcb-be29-11e8-9b1a-7775b14c28fa&pd_rd_w=aeyPk&pd_rd_wg=eVwch&pf_rd_m=A1VBAL9TL5WCBF&pf_rd_s=&pf_rd_r=ZJFSTB1YAYBAKMW3AVC4&pf_rd_t=36701&pf_rd_p=f9b3f28c-045f-4aae-8a7d-7845216f62ff&pf_rd_i=desktop
85,https://www.amazon.in/gp/product/B016A71G68/ref=s9u_hps_gw_i5?ie=UTF8&pd_rd_i=B016A71G68&pd_rd_r=a785cbcb-be29-11e8-9b1a-7775b14c28fa&pd_rd_w=aeyPk&pd_rd_wg=eVwch&pf_rd_m=A1VBAL9TL5WCBF&pf_rd_s=&pf_rd_r=ZJFSTB1YAYBAKMW3AVC4&pf_rd_t=36701&pf_rd_p=f9b3f28c-045f-4aae-8a7d-7845216f62ff&pf_rd_i=desktop
86,https://www.amazon.in/gp/product/B01IQUUW0I/ref=s9u_hps_gw_i6?ie=UTF8&pd_rd_i=B01IQUUW0I&pd_rd_r=a785cbcb-be29-11e8-9b1a-7775b14c28fa&pd_rd_w=aeyPk&pd_rd_wg=eVwch&pf_rd_m=A1VBAL9TL5WCBF&pf_rd_s=&pf_rd_r=ZJFSTB1YAYBAKMW3AVC4&pf_rd_t=36701&pf_rd_p=f9b3f28c-045f-4aae-8a7d-7845216f62ff&pf_rd_i=desktop
87,https://www.amazon.in/gp/product/B07252HQPW/ref=s9u_hps_gw_i7?ie=UTF8&pd_rd_i=B07252HQPW&pd_rd_r=a785cbcb-be29-11e8-9b1a-7775b14c28fa&pd_rd_w=aeyPk&pd_rd_wg=eVwch&pf_rd_m=A1VBAL9TL5WCBF&pf_rd_s=&pf_rd_r=ZJFSTB1YAYBAKMW3AVC4&pf_rd_t=36701&pf_rd_p=f9b3f28c-045f-4aae-8a7d-7845216f62ff&pf_rd_i=desktop
88,https://www.amazon.in#
89,https://www.amazon.in#
90,https://www.amazon.in/b/ref=kd-upto70?ie=UTF8&node=5925789031&pf_rd_p=362296d2-1580-430b-babb-973fece3a153&pf_rd_r=ZJFSTB1YAYBAKMW3AVC4
91,https://www.amazon.in/b/ref=bx_Schtb_pcbb?ie=UTF8&node=4149814031&pf_rd_p=9f1aa075-eda5-4016-829f-f48d698e9321&pf_rd_r=ZJFSTB1YAYBAKMW3AVC4
92,https://www.amazon.in/s/ref=br_asw_smr?_encoding=UTF8&ajr=2&hidden-keywords=B078BNQ313%7C%20B077Q195JB%7C%20B077PWJP92%7C%20B0784D8628%7C%20B078BNQ314%7C%20B077Q195JB%7C%20B0784D8628%7C%20B078BN55WS%7C%20B07418S1MK%7C%20B074182S5P%7C%20B078Y3J3LH%7C%20B0776VS18L%7C%20B078CB3G19%7C%20B0776ZZXY3%7C%20B078CBN95Q%7C%20B07C9JTRKK%20%7C%20B07BRC2CL9%20%7C%20B07BRQ3T4V%7C%20B07C7CLJBS%7C%20B07C77KFG3%7C%20B07D3HWRJS%7C%20B07D3LTC77%7C%20B07D3KMR8N%7C%20B07D3L7STV%7C%20B07D3HRF4K%7C%20B07D3KMSMY%7C%20B078WSRJ2D%7C%20B078WRBNQ5%7C%20B07C7B8F6V%7C%20B07C7B89CV%7C%20B07C6YQCJV%7C%20B07C336J43%7C%20B07C33H3LC%7C%20B0773RZ2ZZ%7C%20B078LRYBYK%7C%20B078LTKL9Q%7C%20B0773R5ZY9%7C%20B0773SX5X9%7C%20B07BNRR94K%7C%20B07BNQJC2Y%7C%20B07DG9384L%7C%20B07DGDNNZB%7C%20B07DG93GGX%7C%20B07DGDMQ4Z%7C%20B07DG73QFS%7C%20B07DG4V11B%7C%20B07DC7SN3Y%7C%20B06Y3VRP78%7C%20B06Y44L33B%7C%20B06Y46Y1SC%7C%20B072FW8RJF%7C%20B072JGWWJR%7C%20B071795MMB%7C%20B072PYGF2B%7C%20B075T7ZD3X%7C%20B075T9C97B%7C%20B075T9DBL1%7C%20B076HSQT93%7C%20B076HYJT12%7C%20B076HSBF11%7C%20B076HSCM1S%7C%20B01N7I1S94%7C%20B07548NYFP%7C%20B07547QKYR%7C%20B077JX899W%20%7C%20B077K2TY72%7C%20B07BH9T87C%7C%20B07BHBH9KV%7C%20B07CPZ74CX%7C%20B07D167YND%7C%20B07DCGXBPZ%7C%20B07DCJN5RJ%7C%20B078J9V629%7C%20B078JD3PNG%7C%20B078JDCKB1%7C%20B078JDJ66P%7C%20B078JF6XC2%7C%20B079TQT4ZC%7C%20B07C4YYSPB%7C%20B079ZFXJ86%7C%20B079Z6F612%7C&qid=1536916814&rh=i%3Aaps%2Cp_85%3A10440599031&rnid=10440598031&pf_rd_m=A1VBAL9TL5WCBF&pf_rd_s=&pf_rd_r=ZJFSTB1YAYBAKMW3AVC4&pf_rd_t=36701&pf_rd_p=68062cd5-6057-41b7-9cee-f8569565e32f&pf_rd_i=desktop
93,https://www.amazon.in/RealMe-Diamond-Black-128-GB/dp/B078BNQ313/ref=br_asw_pdt-1?pf_rd_m=A1VBAL9TL5WCBF&pf_rd_s=&pf_rd_r=ZJFSTB1YAYBAKMW3AVC4&pf_rd_t=36701&pf_rd_p=68062cd5-6057-41b7-9cee-f8569565e32f&pf_rd_i=desktop
94,https://www.amazon.in/Huawei-P20-Lite-Midnight-Black/dp/B077Q195JB/ref=br_asw_pdt-2?pf_rd_m=A1VBAL9TL5WCBF&pf_rd_s=&pf_rd_r=ZJFSTB1YAYBAKMW3AVC4&pf_rd_t=36701&pf_rd_p=68062cd5-6057-41b7-9cee-f8569565e32f&pf_rd_i=desktop
95,https://www.amazon.in/Nokia-6-1-4GB-64GB-Blue-Gold/dp/B077PWJP92/ref=br_asw_pdt-3?pf_rd_m=A1VBAL9TL5WCBF&pf_rd_s=&pf_rd_r=ZJFSTB1YAYBAKMW3AVC4&pf_rd_t=36701&pf_rd_p=68062cd5-6057-41b7-9cee-f8569565e32f&pf_rd_i=desktop
96,https://www.amazon.in/Huawei-P20-Lite-Blue-19/dp/B0784D8628/ref=br_asw_pdt-4?pf_rd_m=A1VBAL9TL5WCBF&pf_rd_s=&pf_rd_r=ZJFSTB1YAYBAKMW3AVC4&pf_rd_t=36701&pf_rd_p=68062cd5-6057-41b7-9cee-f8569565e32f&pf_rd_i=desktop
97,https://www.amazon.in/RealMe-Solar-Red-128-GB/dp/B078BNQ314/ref=br_asw_pdt-5?pf_rd_m=A1VBAL9TL5WCBF&pf_rd_s=&pf_rd_r=ZJFSTB1YAYBAKMW3AVC4&pf_rd_t=36701&pf_rd_p=68062cd5-6057-41b7-9cee-f8569565e32f&pf_rd_i=desktop
98,https://www.amazon.in/Huawei-P20-Lite-Midnight-Black/dp/B077Q195JB/ref=br_asw_pdt-6?pf_rd_m=A1VBAL9TL5WCBF&pf_rd_s=&pf_rd_r=ZJFSTB1YAYBAKMW3AVC4&pf_rd_t=36701&pf_rd_p=68062cd5-6057-41b7-9cee-f8569565e32f&pf_rd_i=desktop
99,https://www.amazon.in/Huawei-P20-Lite-Blue-19/dp/B0784D8628/ref=br_asw_pdt-7?pf_rd_m=A1VBAL9TL5WCBF&pf_rd_s=&pf_rd_r=ZJFSTB1YAYBAKMW3AVC4&pf_rd_t=36701&pf_rd_p=68062cd5-6057-41b7-9cee-f8569565e32f&pf_rd_i=desktop
100,https://www.amazon.in#
101,https://www.amazon.in#
102,https://www.amazon.in
103,https://www.amazon.in#nav-top
104,https://www.amazon.inhttps://www.aboutamazon.in/?utm_source=gateway&utm_medium=footer
105,https://www.amazon.inhttp://amazon.jobs
106,https://www.amazon.in/b?ie=UTF8&node=1592137031
107,https://www.amazon.in/b?ie=UTF8&node=8872558031
108,https://www.amazon.in/Online-Charity/b?ie=UTF8&node=4594605031
109,https://www.amazon.inhttp://www.amazon.in/gp/redirect.html/ref=footer_fb?location=http://www.facebook.com/AmazonIN&token=2075D5EAC7BB214089728E2183FD391706D41E94&6
110,https://www.amazon.inhttp://www.amazon.in/gp/redirect.html/ref=footer_twitter?location=http://twitter.com/AmazonIN&token=A309DFBFCB1E37A808FF531934855DC817F130B6&6
111,https://www.amazon.inhttp://www.amazon.in/gp/redirect.html?location=https://www.instagram.com/amazondotin&token=264882C912E9D005CB1D9B61F12E125D5DF9BFC7&source=standards
112,https://www.amazon.in/selling/ref=nav_footer_sell
113,https://www.amazon.in/gp/redirect.html?_encoding=UTF8&location=https%3A%2F%2Faffiliate-program.amazon.in%2F%3Futm_campaign%3Dassocshowcase%26utm_medium%3Dfooter%26utm_source%3DGW&source=standards&token=02DFC2EB401D4DB94AD857F5A4215D98B38C148F
114,https://www.amazon.inhttp://services.amazon.in/services/fulfilment-by-amazon/benefits.html/ref=az_footer_fba?ld=AWRGINFBAfooter
115,https://www.amazon.inhttps://advertising.amazon.in/?ref=Amz.in
116,https://www.amazon.inhttps://www.amazonpay.in/merchant
117,https://www.amazon.in/gp/css/homepage.html
118,https://www.amazon.in/gp/css/returns/homepage.html
119,https://www.amazon.in/gp/help/customer/display.html?ie=UTF8&nodeId=201083470
120,https://www.amazon.in/b?ie=UTF8&node=6967393031
121,https://www.amazon.in/gp/BIT/theamazonapp/ref=footer_assistant_download_copy
122,https://www.amazon.in/gp/help/customer/display.html?ie=UTF8&nodeId=200507590
123,https://www.amazon.in/
124,https://www.amazon.inhttp://www.amazon.com.au/ref=footer_au
125,https://www.amazon.inhttp://www.amazon.com.br/ref=footer_br
126,https://www.amazon.inhttp://www.amazon.ca/ref=footer_ca
127,https://www.amazon.inhttp://www.amazon.cn/ref=footer_cn
128,https://www.amazon.inhttp://www.amazon.fr/ref=footer_fr
129,https://www.amazon.inhttp://www.amazon.de/ref=footer_de
130,https://www.amazon.inhttp://www.amazon.it/ref=footer_it
131,https://www.amazon.inhttp://www.amazon.co.jp/ref=footer_jp
132,https://www.amazon.inhttp://www.amazon.com.mx/ref=footer_mx
133,https://www.amazon.inhttp://www.amazon.nl/ref=footer_nl
134,https://www.amazon.inhttp://www.amazon.es/ref=footer_es
135,https://www.amazon.inhttp://www.amazon.co.uk/ref=footer_uk
136,https://www.amazon.inhttp://www.amazon.com/ref=footer_us
137,https://www.amazon.inhttp://www.abebooks.com/
138,https://www.amazon.inhttp://aws.amazon.com/what-is-cloud-computing/?sc_channel=EL&sc_campaign=IN_amazonfooter
139,https://www.amazon.inhttp://www.audible.com/
140,https://www.amazon.inhttp://www.dpreview.in/
141,https://www.amazon.inhttps://www.imdb.com/
142,https://www.amazon.inhttp://www.junglee.com/
143,https://www.amazon.inhttp://www.look.com/
144,https://www.amazon.inhttp://www.shopbop.com/
145,https://www.amazon.inhttps://www.amazonbusiness.in/
146,https://www.amazon.inhttps://www.souq.com?ref=footer_souq
147,https://www.amazon.inhttp://www.amazon.in/now?ref=footer_amznow
148,https://www.amazon.inhttp://www.amazon.in/music/prime?ref=footer_apm
149,https://www.amazon.in/gp/help/customer/display.html?ie=UTF8&nodeId=200545940
150,https://www.amazon.in/gp/help/customer/display.html?ie=UTF8&nodeId=200534380
151,https://www.amazon.in/b?ie=UTF8&node=6691071031
