sno,link
0,https://www.amazon.in/ref=nav_logo
1,https://www.amazon.in/prime?ref_=nav_logo_prime_join
2,https://www.amazon.in/ap/signin?openid.pape.max_auth_age=0&openid.return_to=https%3A%2F%2Fwww.amazon.in%2Fs%2Fref%3Dnb_sb_noss%3Furl%3Dsearch-alias%253Daps%26field-keywords%3DAlmirah%26ref_%3Dnav_ya_signin%26_encoding%3DUTF8&openid.identity=http%3A%2F%2Fspecs.openid.net%2Fauth%2F2.0%2Fidentifier_select&openid.assoc_handle=inflex&openid.mode=checkid_setup&openid.claimed_id=http%3A%2F%2Fspecs.openid.net%2Fauth%2F2.0%2Fidentifier_select&openid.ns=http%3A%2F%2Fspecs.openid.net%2Fauth%2F2.0&
3,https://www.amazon.in/prime?ref_=nav_prime_try_btn
4,https://www.amazon.in/gp/registry/wishlist?ref_=nav_wishlist_btn
5,https://www.amazon.in/gp/cart/view.html?ref_=nav_cart
6,https://www.amazon.in/gp/site-directory?ref_=nav_shopall_btn
7,https://www.amazon.in/gp/buyagain?ie=UTF8&ref_=nav_cs_buy_again
8,https://www.amazon.in/gp/yourstore/home?ref_=nav_cs_ys
9,https://www.amazon.in/gp/goldbox?ref_=nav_topnav_deals
10,https://www.amazon.in/gp/sva/dashboard?ref_=nav_apay
11,https://www.amazon.in/b/?node=2838698031&ld=AZINSOANavDesktop&ref_=nav_cs_sell
12,https://www.amazon.in/gp/help/customer/display.html?nodeId=200507590&ref_=nav_topnav_help
13,https://www.amazon.in#s-skipLinkTargetForMainSearchResults
14,https://www.amazon.in/s?k=Almirah&rh=p_85%3A10440599031&dc&qid=1559471782&rnid=10440598031&ref=sr_nr_p_85_1
15,https://www.amazon.in/s?k=Almirah&rh=n%3A976442031&dc&qid=1559471782&rnid=3576079031&ref=sr_nr_n_1
16,https://www.amazon.in/s?k=Almirah&rh=n%3A976442031%2Cn%3A8464307031&dc&qid=1559471782&rnid=3576079031&ref=sr_nr_n_2
17,https://www.amazon.in/s?k=Almirah&rh=n%3A976442031%2Cn%3A1380523031&dc&qid=1559471782&rnid=3576079031&ref=sr_nr_n_3
18,https://www.amazon.in/s?k=Almirah&rh=n%3A1380441031&dc&qid=1559471782&rnid=3576079031&ref=sr_nr_n_4
19,https://www.amazon.in/s?k=Almirah&rh=n%3A1380441031%2Cn%3A5689447031&dc&qid=1559471782&rnid=3576079031&ref=sr_nr_n_5
20,https://www.amazon.in/s?k=Almirah&rh=n%3A1380441031%2Cn%3A5689360031&dc&qid=1559471782&rnid=3576079031&ref=sr_nr_n_6
21,https://www.amazon.in/s?k=Almirah&rh=n%3A1380441031%2Cn%3A3591667031&dc&qid=1559471782&rnid=3576079031&ref=sr_nr_n_7
22,https://www.amazon.in/s?k=Almirah&rh=n%3A1380441031%2Cn%3A5689419031&dc&qid=1559471782&rnid=3576079031&ref=sr_nr_n_8
23,https://www.amazon.in/s?k=Almirah&rh=n%3A1571274031&dc&qid=1559471782&rnid=3576079031&ref=sr_nr_n_9
24,https://www.amazon.in/s?k=Almirah&rh=n%3A1571274031%2Cn%3A1953420031&dc&qid=1559471782&rnid=3576079031&ref=sr_nr_n_10
25,https://www.amazon.in/s?k=Almirah&rh=n%3A1350380031&dc&qid=1559471782&rnid=3576079031&ref=sr_nr_n_11
26,https://www.amazon.in/s?k=Almirah&rh=n%3A1350380031%2Cn%3A1378453031&dc&qid=1559471782&rnid=3576079031&ref=sr_nr_n_12
27,https://www.amazon.in/s?k=Almirah&rh=n%3A1951048031&dc&qid=1559471782&rnid=3576079031&ref=sr_nr_n_13
28,https://www.amazon.in/s?k=Almirah&rh=n%3A1951048031%2Cn%3A2152523031&dc&qid=1559471782&rnid=3576079031&ref=sr_nr_n_14
29,https://www.amazon.in/s?k=Almirah&i=office-products&dc&qid=1559471782&ref=sr_nr_i_15
30,https://www.amazon.in/s?k=Almirah&i=misc&dc&qid=1559471782&ref=sr_nr_i_16
31,https://www.amazon.injavascript:void(0)
32,https://www.amazon.in/s?k=Almirah&rh=p_72%3A1318476031&dc&qid=1559471782&rnid=1318475031&ref=sr_nr_p_72_1
33,https://www.amazon.in/s?k=Almirah&rh=p_72%3A1318477031&dc&qid=1559471782&rnid=1318475031&ref=sr_nr_p_72_2
34,https://www.amazon.in/s?k=Almirah&rh=p_72%3A1318478031&dc&qid=1559471782&rnid=1318475031&ref=sr_nr_p_72_3
35,https://www.amazon.in/s?k=Almirah&rh=p_72%3A1318479031&dc&qid=1559471782&rnid=1318475031&ref=sr_nr_p_72_4
36,https://www.amazon.in/s?k=Almirah&rh=p_89%3ANilkamal&dc&qid=1559471782&rnid=3837712031&ref=sr_nr_p_89_1
37,https://www.amazon.in/s?k=Almirah&rh=p_89%3ACELLO&dc&qid=1559471782&rnid=3837712031&ref=sr_nr_p_89_2
38,https://www.amazon.in/s?k=Almirah&rh=p_89%3AHomeTown&dc&qid=1559471782&rnid=3837712031&ref=sr_nr_p_89_3
39,https://www.amazon.in/s?k=Almirah&rh=p_89%3AKrishyam&dc&qid=1559471782&rnid=3837712031&ref=sr_nr_p_89_4
40,https://www.amazon.in/s?k=Almirah&rh=p_89%3ASpacewood&dc&qid=1559471782&rnid=3837712031&ref=sr_nr_p_89_5
41,https://www.amazon.in/s?k=Almirah&rh=p_89%3AStyleys&dc&qid=1559471782&rnid=3837712031&ref=sr_nr_p_89_6
42,https://www.amazon.in/s?k=Almirah&rh=p_89%3AHouse+of+Quirk&dc&qid=1559471782&rnid=3837712031&ref=sr_nr_p_89_7
43,https://www.amazon.in/s?k=Almirah&rh=p_89%3AAmardeep+and+Co&dc&qid=1559471782&rnid=3837712031&ref=sr_nr_p_89_8
44,https://www.amazon.in/s?k=Almirah&rh=p_89%3AEVANA&dc&qid=1559471782&rnid=3837712031&ref=sr_nr_p_89_9
45,https://www.amazon.in/s?k=Almirah&rh=p_89%3ATanMan&dc&qid=1559471782&rnid=3837712031&ref=sr_nr_p_89_10
46,https://www.amazon.in/s?k=Almirah&rh=p_89%3ARGrandsons&dc&qid=1559471782&rnid=3837712031&ref=sr_nr_p_89_11
47,https://www.amazon.in/s?k=Almirah&rh=p_89%3APindia&dc&qid=1559471782&rnid=3837712031&ref=sr_nr_p_89_12
48,https://www.amazon.in/s?k=Almirah&rh=p_n_is_sns_available%3A9835532031&dc&qid=1559471782&rnid=9835531031&ref=sr_nr_p_n_is_sns_available_1
49,https://www.amazon.in/s?k=Almirah&rh=p_n_is_cod_eligible%3A4931671031&dc&qid=1559471782&rnid=4931670031&ref=sr_nr_p_n_is_cod_eligible_1
50,https://www.amazon.in/s?k=Almirah&rh=n%3A976442031%2Cp_n_size_two_browse-vebin%3A1480401031&dc&qid=1559471782&rnid=1480399031&ref=sr_nr_p_n_size_two_browse-vebin_1
51,https://www.amazon.in/s?k=Almirah&rh=n%3A976442031%2Cp_n_size_two_browse-vebin%3A1480406031&dc&qid=1559471782&rnid=1480399031&ref=sr_nr_p_n_size_two_browse-vebin_2
52,https://www.amazon.in/s?k=Almirah&rh=n%3A976442031%2Cp_n_size_two_browse-vebin%3A1480416031&dc&qid=1559471782&rnid=1480399031&ref=sr_nr_p_n_size_two_browse-vebin_3
53,https://www.amazon.in/s?k=Almirah&rh=n%3A976442031%2Cp_n_size_two_browse-vebin%3A1480403031&dc&qid=1559471782&rnid=1480399031&ref=sr_nr_p_n_size_two_browse-vebin_4
54,https://www.amazon.in/s?k=Almirah&rh=n%3A976442031%2Cp_n_size_two_browse-vebin%3A1480400031&dc&qid=1559471782&rnid=1480399031&ref=sr_nr_p_n_size_two_browse-vebin_5
55,https://www.amazon.in/s?k=Almirah&rh=n%3A976442031%2Cp_n_size_two_browse-vebin%3A1480413031&dc&qid=1559471782&rnid=1480399031&ref=sr_nr_p_n_size_two_browse-vebin_6
56,https://www.amazon.in/s?k=Almirah&rh=n%3A976442031%2Cp_n_size_two_browse-vebin%3A1480411031&dc&qid=1559471782&rnid=1480399031&ref=sr_nr_p_n_size_two_browse-vebin_7
57,https://www.amazon.in/s?k=Almirah&rh=n%3A976442031%2Cp_n_size_two_browse-vebin%3A1480417031&dc&qid=1559471782&rnid=1480399031&ref=sr_nr_p_n_size_two_browse-vebin_8
58,https://www.amazon.in/s?k=Almirah&rh=n%3A976442031%2Cp_n_size_two_browse-vebin%3A1480409031&dc&qid=1559471782&rnid=1480399031&ref=sr_nr_p_n_size_two_browse-vebin_9
59,https://www.amazon.in/s?k=Almirah&rh=n%3A976442031%2Cp_n_size_two_browse-vebin%3A1480405031&dc&qid=1559471782&rnid=1480399031&ref=sr_nr_p_n_size_two_browse-vebin_10
60,https://www.amazon.in/s?k=Almirah&rh=n%3A976442031%2Cp_n_size_two_browse-vebin%3A1480402031&dc&qid=1559471782&rnid=1480399031&ref=sr_nr_p_n_size_two_browse-vebin_11
61,https://www.amazon.in/s?k=Almirah&rh=n%3A976442031%2Cp_n_size_two_browse-vebin%3A1480412031&dc&qid=1559471782&rnid=1480399031&ref=sr_nr_p_n_size_two_browse-vebin_12
62,https://www.amazon.in/s?k=Almirah&rh=n%3A976442031%2Cp_n_size_two_browse-vebin%3A1480404031&dc&qid=1559471782&rnid=1480399031&ref=sr_nr_p_n_size_two_browse-vebin_13
63,https://www.amazon.in/s?k=Almirah&rh=n%3A976442031%2Cp_n_size_two_browse-vebin%3A1480414031&dc&qid=1559471782&rnid=1480399031&ref=sr_nr_p_n_size_two_browse-vebin_14
64,https://www.amazon.in/s?k=Almirah&rh=n%3A976442031%2Cp_n_size_two_browse-vebin%3A1480408031&dc&qid=1559471782&rnid=1480399031&ref=sr_nr_p_n_size_two_browse-vebin_15
65,https://www.amazon.in/s?k=Almirah&rh=n%3A976442031%2Cp_n_material_browse%3A3289469031&dc&qid=1559471782&rnid=1480427031&ref=sr_nr_p_n_material_browse_1
66,https://www.amazon.in/s?k=Almirah&rh=n%3A976442031%2Cp_n_material_browse%3A3289483031&dc&qid=1559471782&rnid=1480427031&ref=sr_nr_p_n_material_browse_2
67,https://www.amazon.in/s?k=Almirah&rh=n%3A976442031%2Cp_n_material_browse%3A3289476031&dc&qid=1559471782&rnid=1480427031&ref=sr_nr_p_n_material_browse_3
68,https://www.amazon.in/s?k=Almirah&rh=n%3A976442031%2Cp_n_material_browse%3A1480434031&dc&qid=1559471782&rnid=1480427031&ref=sr_nr_p_n_material_browse_4
69,https://www.amazon.in/s?k=Almirah&rh=n%3A976442031%2Cp_n_material_browse%3A3289481031&dc&qid=1559471782&rnid=1480427031&ref=sr_nr_p_n_material_browse_5
70,https://www.amazon.in/s?k=Almirah&rh=n%3A976442031%2Cp_n_material_browse%3A3289474031&dc&qid=1559471782&rnid=1480427031&ref=sr_nr_p_n_material_browse_6
71,https://www.amazon.injavascript:void(0)
72,https://www.amazon.in/s?k=Almirah&rh=n%3A1380441031%2Cp_n_format_browse-bin%3A13827541031&dc&qid=1559471782&rnid=13827540031&ref=sr_nr_p_n_format_browse-bin_1
73,https://www.amazon.in/s?k=Almirah&rh=n%3A1380441031%2Cp_n_material_two_browse-bin%3A1480458031&dc&qid=1559471782&rnid=1480452031&ref=sr_nr_p_n_material_two_browse-bin_1
74,https://www.amazon.in/s?k=Almirah&rh=n%3A1380441031%2Cp_n_material_two_browse-bin%3A5785127031&dc&qid=1559471782&rnid=1480452031&ref=sr_nr_p_n_material_two_browse-bin_2
75,https://www.amazon.in/s?k=Almirah&rh=n%3A1380441031%2Cp_n_material_two_browse-bin%3A7167400031&dc&qid=1559471782&rnid=1480452031&ref=sr_nr_p_n_material_two_browse-bin_3
76,https://www.amazon.in/s?k=Almirah&rh=n%3A1380441031%2Cp_n_material_two_browse-bin%3A7167403031&dc&qid=1559471782&rnid=1480452031&ref=sr_nr_p_n_material_two_browse-bin_4
77,https://www.amazon.in/s?k=Almirah&rh=n%3A1380441031%2Cp_n_material_two_browse-bin%3A1480457031&dc&qid=1559471782&rnid=1480452031&ref=sr_nr_p_n_material_two_browse-bin_5
78,https://www.amazon.in/s?k=Almirah&rh=n%3A1380441031%2Cp_n_material_two_browse-bin%3A3289293031&dc&qid=1559471782&rnid=1480452031&ref=sr_nr_p_n_material_two_browse-bin_6
79,https://www.amazon.injavascript:void(0)
80,https://www.amazon.in/s?k=Almirah&rh=n%3A976442031%2Cp_n_feature_fifteen_browse-bin%3A7167392031&dc&qid=1559471782&rnid=5785076031&ref=sr_nr_p_n_feature_fifteen_browse-bin_1
81,https://www.amazon.in/s?k=Almirah&rh=n%3A976442031%2Cp_n_feature_fifteen_browse-bin%3A5785078031&dc&qid=1559471782&rnid=5785076031&ref=sr_nr_p_n_feature_fifteen_browse-bin_2
82,https://www.amazon.in/s?k=Almirah&rh=n%3A976442031%2Cp_n_feature_fifteen_browse-bin%3A5785077031&dc&qid=1559471782&rnid=5785076031&ref=sr_nr_p_n_feature_fifteen_browse-bin_3
83,https://www.amazon.in/s?k=Almirah&rh=n%3A1380441031%2Cp_n_style_browse-bin%3A5785338031&dc&qid=1559471782&rnid=5785299031&ref=sr_nr_p_n_style_browse-bin_1
84,https://www.amazon.in/s?k=Almirah&rh=n%3A1380441031%2Cp_n_style_browse-bin%3A5785310031&dc&qid=1559471782&rnid=5785299031&ref=sr_nr_p_n_style_browse-bin_2
85,https://www.amazon.in/s?k=Almirah&rh=n%3A1380441031%2Cp_n_style_browse-bin%3A5785324031&dc&qid=1559471782&rnid=5785299031&ref=sr_nr_p_n_style_browse-bin_3
86,https://www.amazon.in/s?k=Almirah&rh=n%3A1380441031%2Cp_n_feature_four_browse-bin%3A10672695031&dc&qid=1559471782&rnid=10672694031&ref=sr_nr_p_n_feature_four_browse-bin_1
87,https://www.amazon.in/s?k=Almirah&rh=n%3A1380441031%2Cp_n_feature_four_browse-bin%3A10672697031&dc&qid=1559471782&rnid=10672694031&ref=sr_nr_p_n_feature_four_browse-bin_2
88,"https://aax-eu.amazon-adsystem.com/x/c/QpdOhmDKiNcgAI4QHB3np1gAAAFrF8L8ewMAAAH2AWLQPEA/https://www.amazon.in/stores/page/96E36232-AC68-4CBD-AE85-6CAC38692DB8?store_ref=SB_A07682871CV9EPZV2MEY0&pf_rd_p=ddc78b0d-0a78-403f-9399-68105b975bab&hsa_cr_id=3535428270002&lp_slot=auto-sparkle-hsa-tetris&lp_asins=B07HHF46FL,B07HQW99B5,B07HH5CC19&lp_mat_key=almirahs&lp_query=Almirah"
89,"https://aax-eu.amazon-adsystem.com/x/c/QpdOhmDKiNcgAI4QHB3np1gAAAFrF8L8ewMAAAH2AWLQPEA/https://www.amazon.in/stores/page/96E36232-AC68-4CBD-AE85-6CAC38692DB8?store_ref=SB_A07682871CV9EPZV2MEY0&pf_rd_p=ddc78b0d-0a78-403f-9399-68105b975bab&hsa_cr_id=3535428270002&lp_slot=auto-sparkle-hsa-tetris&lp_asins=B07HHF46FL,B07HQW99B5,B07HH5CC19&lp_mat_key=almirahs&lp_query=Almirah&sb-ci-n=brandLogo&sb-ci-v=images%2FS%2Fgladiator-image-upload-prod%2Fc%2FA21TJRUUN4KGV%2F334365e0c666d4c8e97218e3b1908474._SR218%2C200_.jpg"
90,"https://aax-eu.amazon-adsystem.com/x/c/QpdOhmDKiNcgAI4QHB3np1gAAAFrF8L8ewMAAAH2AWLQPEA/https://www.amazon.in/stores/page/96E36232-AC68-4CBD-AE85-6CAC38692DB8?store_ref=SB_A07682871CV9EPZV2MEY0&pf_rd_p=ddc78b0d-0a78-403f-9399-68105b975bab&hsa_cr_id=3535428270002&lp_slot=auto-sparkle-hsa-tetris&lp_asins=B07HHF46FL,B07HQW99B5,B07HH5CC19&lp_mat_key=almirahs&lp_query=Almirah&sb-ci-n=sponsoredBy&sb-ci-v=Godrej%20Interio"
91,"https://aax-eu.amazon-adsystem.com/x/c/QpdOhmDKiNcgAI4QHB3np1gAAAFrF8L8ewMAAAH2AWLQPEA/https://www.amazon.in/stores/page/96E36232-AC68-4CBD-AE85-6CAC38692DB8?store_ref=SB_A07682871CV9EPZV2MEY0&pf_rd_p=ddc78b0d-0a78-403f-9399-68105b975bab&hsa_cr_id=3535428270002&lp_slot=auto-sparkle-hsa-tetris&lp_asins=B07HHF46FL,B07HQW99B5,B07HH5CC19&lp_mat_key=almirahs&lp_query=Almirah&sb-ci-n=headline&sb-ci-v=The%20Perfect%20Family%20Wardrobe%20Range"
92,"https://aax-eu.amazon-adsystem.com/x/c/QpdOhmDKiNcgAI4QHB3np1gAAAFrF8L8ewMAAAH2AWLQPEA/https://www.amazon.in/stores/page/96E36232-AC68-4CBD-AE85-6CAC38692DB8?store_ref=SB_A07682871CV9EPZV2MEY0&pf_rd_p=ddc78b0d-0a78-403f-9399-68105b975bab&hsa_cr_id=3535428270002&lp_slot=auto-sparkle-hsa-tetris&lp_asins=B07HHF46FL,B07HQW99B5,B07HH5CC19&lp_mat_key=almirahs&lp_query=Almirah&sb-ci-n=shopNow"
93,https://aax-eu.amazon-adsystem.com/x/c/QpdOhmDKiNcgAI4QHB3np1gAAAFrF8L8ewMAAAH2AWLQPEA/https://www.amazon.in/dp/B07HHF46FL?aaxitk=xnJf6z8Mwew1PYTV0ncBWg&pd_rd_i=B07HHF46FL&pf_rd_p=ddc78b0d-0a78-403f-9399-68105b975bab&hsa_cr_id=3535428270002&sb-ci-n=asinImage&sb-ci-v=https%3A%2F%2Fimages-na.ssl-images-amazon.com%2Fimages%2FI%2F21PVum-LbML.jpg&sb-ci-a=B07HHF46FL
94,https://aax-eu.amazon-adsystem.com/x/c/QpdOhmDKiNcgAI4QHB3np1gAAAFrF8L8ewMAAAH2AWLQPEA/https://www.amazon.in/dp/B07HHF46FL?aaxitk=xnJf6z8Mwew1PYTV0ncBWg&pd_rd_i=B07HHF46FL&pf_rd_p=ddc78b0d-0a78-403f-9399-68105b975bab&hsa_cr_id=3535428270002&sb-ci-n=productDescription
95,https://aax-eu.amazon-adsystem.com/x/c/QpdOhmDKiNcgAI4QHB3np1gAAAFrF8L8ewMAAAH2AWLQPEA/https://www.amazon.in/dp/B07HHF46FL?aaxitk=xnJf6z8Mwew1PYTV0ncBWg&pd_rd_i=B07HHF46FL&pf_rd_p=ddc78b0d-0a78-403f-9399-68105b975bab&hsa_cr_id=3535428270002&sb-ci-n=starRating&sb-ci-v=3.5&sb-ci-m=8&sb-ci-a=B07HHF46FL#customerReviews
96,https://aax-eu.amazon-adsystem.com/x/c/QpdOhmDKiNcgAI4QHB3np1gAAAFrF8L8ewMAAAH2AWLQPEA/https://www.amazon.in/dp/B07HQW99B5?aaxitk=xnJf6z8Mwew1PYTV0ncBWg&pd_rd_i=B07HQW99B5&pf_rd_p=ddc78b0d-0a78-403f-9399-68105b975bab&hsa_cr_id=3535428270002&sb-ci-n=asinImage&sb-ci-v=https%3A%2F%2Fimages-na.ssl-images-amazon.com%2Fimages%2FI%2F51YvtGAxzHL.jpg&sb-ci-a=B07HQW99B5
97,https://aax-eu.amazon-adsystem.com/x/c/QpdOhmDKiNcgAI4QHB3np1gAAAFrF8L8ewMAAAH2AWLQPEA/https://www.amazon.in/dp/B07HQW99B5?aaxitk=xnJf6z8Mwew1PYTV0ncBWg&pd_rd_i=B07HQW99B5&pf_rd_p=ddc78b0d-0a78-403f-9399-68105b975bab&hsa_cr_id=3535428270002&sb-ci-n=productDescription&sb-ci-v=GODREJ%20INTERIO%20Slimline%20ECOMSL3DRWL120%203%20Door%20Almirah%20with%2010%20Shelves%20(Glossy%20Finish%2C%20Shell%20Wine%20Red)&sb-ci-a=B07HQW99B5
98,https://aax-eu.amazon-adsystem.com/x/c/QpdOhmDKiNcgAI4QHB3np1gAAAFrF8L8ewMAAAH2AWLQPEA/https://www.amazon.in/dp/B07HQW99B5?aaxitk=xnJf6z8Mwew1PYTV0ncBWg&pd_rd_i=B07HQW99B5&pf_rd_p=ddc78b0d-0a78-403f-9399-68105b975bab&hsa_cr_id=3535428270002&sb-ci-n=starRating&sb-ci-v=4.0&sb-ci-m=2&sb-ci-a=B07HQW99B5#customerReviews
99,https://aax-eu.amazon-adsystem.com/x/c/QpdOhmDKiNcgAI4QHB3np1gAAAFrF8L8ewMAAAH2AWLQPEA/https://www.amazon.in/dp/B07HH5CC19?aaxitk=xnJf6z8Mwew1PYTV0ncBWg&pd_rd_i=B07HH5CC19&pf_rd_p=ddc78b0d-0a78-403f-9399-68105b975bab&hsa_cr_id=3535428270002&sb-ci-n=asinImage&sb-ci-v=https%3A%2F%2Fimages-na.ssl-images-amazon.com%2Fimages%2FI%2F61YNDY1N%2BlL.jpg&sb-ci-a=B07HH5CC19
100,https://aax-eu.amazon-adsystem.com/x/c/QpdOhmDKiNcgAI4QHB3np1gAAAFrF8L8ewMAAAH2AWLQPEA/https://www.amazon.in/dp/B07HH5CC19?aaxitk=xnJf6z8Mwew1PYTV0ncBWg&pd_rd_i=B07HH5CC19&pf_rd_p=ddc78b0d-0a78-403f-9399-68105b975bab&hsa_cr_id=3535428270002&sb-ci-n=productDescription&sb-ci-v=Slimline%20Fusion%203-Door%20Almirah%20with%20Locker&sb-ci-a=B07HH5CC19
101,https://www.amazon.in/gp/slredirect/picassoRedirect.html/ref=pa_sp_atf_aps_sr_pg1_1?ie=UTF8&adId=A06636331ZJLPBSVOIPFU&url=%2FAventure-Medium-Almirah-wardrobe-Multipurpose%2Fdp%2FB071JDYGSP%2Fref%3Dsr_1_1_sspa%3Fkeywords%3DAlmirah%26qid%3D1559471782%26s%3Dgateway%26sr%3D8-1-spons%26psc%3D1&qualifier=1559471782&id=8687624628017344&widgetName=sp_atf
102,https://www.amazon.inhttps://services.amazon.in/services/sponsored-products/how-it-works.html
103,https://www.amazon.in#
104,https://www.amazon.in/gp/slredirect/picassoRedirect.html/ref=pa_sp_atf_aps_sr_pg1_1?ie=UTF8&adId=A06636331ZJLPBSVOIPFU&url=%2FAventure-Medium-Almirah-wardrobe-Multipurpose%2Fdp%2FB071JDYGSP%2Fref%3Dsr_1_1_sspa%3Fkeywords%3DAlmirah%26qid%3D1559471782%26s%3Dgateway%26sr%3D8-1-spons%26psc%3D1&qualifier=1559471782&id=8687624628017344&widgetName=sp_atf
105,https://www.amazon.injavascript:void(0)
106,https://www.amazon.in/gp/slredirect/picassoRedirect.html/ref=pa_sp_atf_aps_sr_pg1_1?ie=UTF8&adId=A06636331ZJLPBSVOIPFU&url=%2FAventure-Medium-Almirah-wardrobe-Multipurpose%2Fdp%2FB071JDYGSP%2Fref%3Dsr_1_1_sspa%3Fkeywords%3DAlmirah%26qid%3D1559471782%26s%3Dgateway%26sr%3D8-1-spons%26psc%3D1&qualifier=1559471782&id=8687624628017344&widgetName=sp_atf#customerReviews
107,https://www.amazon.in/gp/slredirect/picassoRedirect.html/ref=pa_sp_atf_aps_sr_pg1_1?ie=UTF8&adId=A06636331ZJLPBSVOIPFU&url=%2FAventure-Medium-Almirah-wardrobe-Multipurpose%2Fdp%2FB071JDYGSP%2Fref%3Dsr_1_1_sspa%3Fkeywords%3DAlmirah%26qid%3D1559471782%26s%3Dgateway%26sr%3D8-1-spons%26psc%3D1&qualifier=1559471782&id=8687624628017344&widgetName=sp_atf
108,https://www.amazon.in/gp/slredirect/picassoRedirect.html/ref=pa_sp_atf_aps_sr_pg1_2?ie=UTF8&adId=A00595272O6HRXTSREHL1&url=%2FFoldable-Almirah-Plastic-Clothes-Organizer%2Fdp%2FB07KK6G429%2Fref%3Dsr_1_2_sspa%3Fkeywords%3DAlmirah%26qid%3D1559471782%26s%3Dgateway%26sr%3D8-2-spons%26psc%3D1&qualifier=1559471782&id=8687624628017344&widgetName=sp_atf
109,https://www.amazon.inhttps://services.amazon.in/services/sponsored-products/how-it-works.html
110,https://www.amazon.in#
111,https://www.amazon.in/gp/slredirect/picassoRedirect.html/ref=pa_sp_atf_aps_sr_pg1_2?ie=UTF8&adId=A00595272O6HRXTSREHL1&url=%2FFoldable-Almirah-Plastic-Clothes-Organizer%2Fdp%2FB07KK6G429%2Fref%3Dsr_1_2_sspa%3Fkeywords%3DAlmirah%26qid%3D1559471782%26s%3Dgateway%26sr%3D8-2-spons%26psc%3D1&qualifier=1559471782&id=8687624628017344&widgetName=sp_atf
112,https://www.amazon.injavascript:void(0)
113,https://www.amazon.in/gp/slredirect/picassoRedirect.html/ref=pa_sp_atf_aps_sr_pg1_2?ie=UTF8&adId=A00595272O6HRXTSREHL1&url=%2FFoldable-Almirah-Plastic-Clothes-Organizer%2Fdp%2FB07KK6G429%2Fref%3Dsr_1_2_sspa%3Fkeywords%3DAlmirah%26qid%3D1559471782%26s%3Dgateway%26sr%3D8-2-spons%26psc%3D1&qualifier=1559471782&id=8687624628017344&widgetName=sp_atf#customerReviews
114,https://www.amazon.in/gp/slredirect/picassoRedirect.html/ref=pa_sp_atf_aps_sr_pg1_2?ie=UTF8&adId=A00595272O6HRXTSREHL1&url=%2FFoldable-Almirah-Plastic-Clothes-Organizer%2Fdp%2FB07KK6G429%2Fref%3Dsr_1_2_sspa%3Fkeywords%3DAlmirah%26qid%3D1559471782%26s%3Dgateway%26sr%3D8-2-spons%26psc%3D1&qualifier=1559471782&id=8687624628017344&widgetName=sp_atf
115,https://www.amazon.in/gp/slredirect/picassoRedirect.html/ref=pa_sp_atf_aps_sr_pg1_3?ie=UTF8&adId=A0490362391DP84CIS2H5&url=%2FDivi-Divine-Multipurpose-Wardrobe-Organizer%2Fdp%2FB07PGT8XQ2%2Fref%3Dsr_1_3_sspa%3Fkeywords%3DAlmirah%26qid%3D1559471782%26s%3Dgateway%26sr%3D8-3-spons%26psc%3D1&qualifier=1559471782&id=8687624628017344&widgetName=sp_atf
116,https://www.amazon.inhttps://services.amazon.in/services/sponsored-products/how-it-works.html
117,https://www.amazon.in#
118,https://www.amazon.in/gp/slredirect/picassoRedirect.html/ref=pa_sp_atf_aps_sr_pg1_3?ie=UTF8&adId=A0490362391DP84CIS2H5&url=%2FDivi-Divine-Multipurpose-Wardrobe-Organizer%2Fdp%2FB07PGT8XQ2%2Fref%3Dsr_1_3_sspa%3Fkeywords%3DAlmirah%26qid%3D1559471782%26s%3Dgateway%26sr%3D8-3-spons%26psc%3D1&qualifier=1559471782&id=8687624628017344&widgetName=sp_atf
119,https://www.amazon.in/gp/slredirect/picassoRedirect.html/ref=pa_sp_atf_aps_sr_pg1_3?ie=UTF8&adId=A0490362391DP84CIS2H5&url=%2FDivi-Divine-Multipurpose-Wardrobe-Organizer%2Fdp%2FB07PGT8XQ2%2Fref%3Dsr_1_3_sspa%3Fkeywords%3DAlmirah%26qid%3D1559471782%26s%3Dgateway%26sr%3D8-3-spons%26psc%3D1&qualifier=1559471782&id=8687624628017344&widgetName=sp_atf
120,https://www.amazon.in/gp/bestsellers/kitchen/5689447031/ref=sr_bs_3_5689447031_1
121,https://www.amazon.in/Nilkamal-Freedom-Medium-Cabinet-Weather/dp/B01BY6ZOQI/ref=sr_1_4?keywords=Almirah&qid=1559471782&s=gateway&sr=8-4
122,https://www.amazon.in/Nilkamal-Freedom-Medium-Cabinet-Weather/dp/B01BY6ZOQI/ref=sr_1_4?keywords=Almirah&qid=1559471782&s=gateway&sr=8-4
123,https://www.amazon.injavascript:void(0)
124,https://www.amazon.in/Nilkamal-Freedom-Medium-Cabinet-Weather/dp/B01BY6ZOQI/ref=sr_1_4?keywords=Almirah&qid=1559471782&s=gateway&sr=8-4#customerReviews
125,https://www.amazon.in/Nilkamal-Freedom-Medium-Cabinet-Weather/dp/B01BY6ZOQI/ref=sr_1_4?keywords=Almirah&qid=1559471782&s=gateway&sr=8-4
126,https://www.amazon.in/gp/offer-listing/B01BY6ZOQI/ref=sr_1_4_olp?keywords=Almirah&qid=1559471782&s=gateway&sr=8-4
127,https://www.amazon.in/Nilkamal-Freedom-Mini-Cabinet-Brown/dp/B012K1WQEO/ref=sr_1_5?keywords=Almirah&qid=1559471782&s=gateway&sr=8-5
128,https://www.amazon.in/Nilkamal-Freedom-Mini-Cabinet-Brown/dp/B012K1WQEO/ref=sr_1_5?keywords=Almirah&qid=1559471782&s=gateway&sr=8-5
129,https://www.amazon.injavascript:void(0)
130,https://www.amazon.in/Nilkamal-Freedom-Mini-Cabinet-Brown/dp/B012K1WQEO/ref=sr_1_5?keywords=Almirah&qid=1559471782&s=gateway&sr=8-5#customerReviews
131,https://www.amazon.in/Nilkamal-Freedom-Mini-Cabinet-Brown/dp/B012K1WQEO/ref=sr_1_5?keywords=Almirah&qid=1559471782&s=gateway&sr=8-5
132,https://www.amazon.in/gp/offer-listing/B012K1WQEO/ref=sr_1_5_olp?keywords=Almirah&qid=1559471782&s=gateway&sr=8-5
133,https://www.amazon.in/Cello-Novelty-Big-Cupboard-Blue/dp/B01CQW6GLG/ref=ice_ac_b_dpb?keywords=Almirah&qid=1559471782&s=gateway&sr=8-6
134,https://www.amazon.in/Cello-Novelty-Big-Cupboard-Blue/dp/B01CQW6GLG/ref=sr_1_6?keywords=Almirah&qid=1559471782&s=gateway&sr=8-6
135,https://www.amazon.in/Cello-Novelty-Big-Cupboard-Blue/dp/B01CQW6GLG/ref=sr_1_6?keywords=Almirah&qid=1559471782&s=gateway&sr=8-6
136,https://www.amazon.injavascript:void(0)
137,https://www.amazon.in/Cello-Novelty-Big-Cupboard-Blue/dp/B01CQW6GLG/ref=sr_1_6?keywords=Almirah&qid=1559471782&s=gateway&sr=8-6#customerReviews
138,https://www.amazon.in/Cello-Novelty-Big-Cupboard-Blue/dp/B01CQW6GLG/ref=sr_1_6?keywords=Almirah&qid=1559471782&s=gateway&sr=8-6
139,https://www.amazon.in/FOLDDON-Foldable-wardrobe-Racks-Standard/dp/B07BZYB2CT/ref=sr_1_7?keywords=Almirah&qid=1559471782&s=gateway&sr=8-7
140,https://www.amazon.in/FOLDDON-Foldable-wardrobe-Racks-Standard/dp/B07BZYB2CT/ref=sr_1_7?keywords=Almirah&qid=1559471782&s=gateway&sr=8-7
141,https://www.amazon.injavascript:void(0)
142,https://www.amazon.in/FOLDDON-Foldable-wardrobe-Racks-Standard/dp/B07BZYB2CT/ref=sr_1_7?keywords=Almirah&qid=1559471782&s=gateway&sr=8-7#customerReviews
143,https://www.amazon.in/FOLDDON-Foldable-wardrobe-Racks-Standard/dp/B07BZYB2CT/ref=sr_1_7?keywords=Almirah&qid=1559471782&s=gateway&sr=8-7
144,https://www.amazon.in/Styleys-Plastic-Organizer-Wardrobe-Clothes/dp/B07LF61YB1/ref=sr_1_8?keywords=Almirah&qid=1559471782&s=gateway&sr=8-8
145,https://www.amazon.in/Styleys-Plastic-Organizer-Wardrobe-Clothes/dp/B07LF61YB1/ref=sr_1_8?keywords=Almirah&qid=1559471782&s=gateway&sr=8-8
146,https://www.amazon.injavascript:void(0)
147,https://www.amazon.in/Styleys-Plastic-Organizer-Wardrobe-Clothes/dp/B07LF61YB1/ref=sr_1_8?keywords=Almirah&qid=1559471782&s=gateway&sr=8-8#customerReviews
148,https://www.amazon.in/Styleys-Plastic-Organizer-Wardrobe-Clothes/dp/B07LF61YB1/ref=sr_1_8?keywords=Almirah&qid=1559471782&s=gateway&sr=8-8
149,https://www.amazon.in/Inditradition-Multipurpose-Wardrobe-Foldable-Portable/dp/B07P6B4CFB/ref=sr_1_9?keywords=Almirah&qid=1559471782&s=gateway&sr=8-9
150,https://www.amazon.in/Inditradition-Multipurpose-Wardrobe-Foldable-Portable/dp/B07P6B4CFB/ref=sr_1_9?keywords=Almirah&qid=1559471782&s=gateway&sr=8-9
151,https://www.amazon.injavascript:void(0)
152,https://www.amazon.in/Inditradition-Multipurpose-Wardrobe-Foldable-Portable/dp/B07P6B4CFB/ref=sr_1_9?keywords=Almirah&qid=1559471782&s=gateway&sr=8-9#customerReviews
153,https://www.amazon.in/Inditradition-Multipurpose-Wardrobe-Foldable-Portable/dp/B07P6B4CFB/ref=sr_1_9?keywords=Almirah&qid=1559471782&s=gateway&sr=8-9
154,https://www.amazon.in/BUCKETLIST-Wardrobe-Organizer-Portable-Collapsible/dp/B07M5ZRG2R/ref=sr_1_10?keywords=Almirah&qid=1559471782&s=gateway&sr=8-10
155,https://www.amazon.in/BUCKETLIST-Wardrobe-Organizer-Portable-Collapsible/dp/B07M5ZRG2R/ref=sr_1_10?keywords=Almirah&qid=1559471782&s=gateway&sr=8-10
156,https://www.amazon.injavascript:void(0)
157,https://www.amazon.in/BUCKETLIST-Wardrobe-Organizer-Portable-Collapsible/dp/B07M5ZRG2R/ref=sr_1_10?keywords=Almirah&qid=1559471782&s=gateway&sr=8-10#customerReviews
158,https://www.amazon.in/BUCKETLIST-Wardrobe-Organizer-Portable-Collapsible/dp/B07M5ZRG2R/ref=sr_1_10?keywords=Almirah&qid=1559471782&s=gateway&sr=8-10
159,https://www.amazon.in/Aventure-Portable-Foldable-Organizer-Multicolour/dp/B07589D98D/ref=sr_1_11?keywords=Almirah&qid=1559471782&s=gateway&sr=8-11
160,https://www.amazon.in/Aventure-Portable-Foldable-Organizer-Multicolour/dp/B07589D98D/ref=sr_1_11?keywords=Almirah&qid=1559471782&s=gateway&sr=8-11
161,https://www.amazon.injavascript:void(0)
162,https://www.amazon.in/Aventure-Portable-Foldable-Organizer-Multicolour/dp/B07589D98D/ref=sr_1_11?keywords=Almirah&qid=1559471782&s=gateway&sr=8-11#customerReviews
163,https://www.amazon.in/Aventure-Portable-Foldable-Organizer-Multicolour/dp/B07589D98D/ref=sr_1_11?keywords=Almirah&qid=1559471782&s=gateway&sr=8-11
164,https://www.amazon.in/gp/offer-listing/B07589D98D/ref=sr_1_11_olp?keywords=Almirah&qid=1559471782&s=gateway&sr=8-11
165,https://www.amazon.in/ADA-Handicraft-Collapsible-Wardrobe-Organizer/dp/B07MZCV17L/ref=sr_1_12?keywords=Almirah&qid=1559471782&s=gateway&sr=8-12
166,https://www.amazon.in/ADA-Handicraft-Collapsible-Wardrobe-Organizer/dp/B07MZCV17L/ref=sr_1_12?keywords=Almirah&qid=1559471782&s=gateway&sr=8-12
167,https://www.amazon.injavascript:void(0)
168,https://www.amazon.in/ADA-Handicraft-Collapsible-Wardrobe-Organizer/dp/B07MZCV17L/ref=sr_1_12?keywords=Almirah&qid=1559471782&s=gateway&sr=8-12#customerReviews
169,https://www.amazon.in/ADA-Handicraft-Collapsible-Wardrobe-Organizer/dp/B07MZCV17L/ref=sr_1_12?keywords=Almirah&qid=1559471782&s=gateway&sr=8-12
170,https://www.amazon.in/Nilkamal-Freedom-Cabinet-Weather-Biscuit/dp/B01BY6ZYEA/ref=sr_1_13?keywords=Almirah&qid=1559471782&s=gateway&sr=8-13
171,https://www.amazon.in/Nilkamal-Freedom-Cabinet-Weather-Biscuit/dp/B01BY6ZYEA/ref=sr_1_13?keywords=Almirah&qid=1559471782&s=gateway&sr=8-13
172,https://www.amazon.injavascript:void(0)
173,https://www.amazon.in/Nilkamal-Freedom-Cabinet-Weather-Biscuit/dp/B01BY6ZYEA/ref=sr_1_13?keywords=Almirah&qid=1559471782&s=gateway&sr=8-13#customerReviews
174,https://www.amazon.in/Nilkamal-Freedom-Cabinet-Weather-Biscuit/dp/B01BY6ZYEA/ref=sr_1_13?keywords=Almirah&qid=1559471782&s=gateway&sr=8-13
175,https://www.amazon.in/gp/offer-listing/B01BY6ZYEA/ref=sr_1_13_olp?keywords=Almirah&qid=1559471782&s=gateway&sr=8-13
176,https://www.amazon.in/Nilkamal-2-Door-Corner-Cabinet-Maroon/dp/B014898W80/ref=sr_1_14?keywords=Almirah&qid=1559471782&s=gateway&sr=8-14
177,https://www.amazon.in/Nilkamal-2-Door-Corner-Cabinet-Maroon/dp/B014898W80/ref=sr_1_14?keywords=Almirah&qid=1559471782&s=gateway&sr=8-14
178,https://www.amazon.injavascript:void(0)
179,https://www.amazon.in/Nilkamal-2-Door-Corner-Cabinet-Maroon/dp/B014898W80/ref=sr_1_14?keywords=Almirah&qid=1559471782&s=gateway&sr=8-14#customerReviews
180,https://www.amazon.in/Nilkamal-2-Door-Corner-Cabinet-Maroon/dp/B014898W80/ref=sr_1_14?keywords=Almirah&qid=1559471782&s=gateway&sr=8-14
181,https://www.amazon.in/gp/offer-listing/B014898W80/ref=sr_1_14_olp?keywords=Almirah&qid=1559471782&s=gateway&sr=8-14
182,https://www.amazon.in/gp/bestsellers/kitchen/5689411031/ref=sr_bs_14_5689411031_1
183,https://www.amazon.in/Flipzon-Printed-Layer-Wardrobe-India/dp/B07C2XSYSY/ref=sr_1_15?keywords=Almirah&qid=1559471782&s=gateway&sr=8-15
184,https://www.amazon.in/Flipzon-Printed-Layer-Wardrobe-India/dp/B07C2XSYSY/ref=sr_1_15?keywords=Almirah&qid=1559471782&s=gateway&sr=8-15
185,https://www.amazon.injavascript:void(0)
186,https://www.amazon.in/Flipzon-Printed-Layer-Wardrobe-India/dp/B07C2XSYSY/ref=sr_1_15?keywords=Almirah&qid=1559471782&s=gateway&sr=8-15#customerReviews
187,https://www.amazon.in/gp/goldbox/
188,https://www.amazon.in/Flipzon-Printed-Layer-Wardrobe-India/dp/B07C2XSYSY/ref=sr_1_15?keywords=Almirah&qid=1559471782&s=gateway&sr=8-15
189,https://www.amazon.in/COMPANY-Folding-Non-Woven-Fabric-Wardrobe/dp/B07J451NG9/ref=sr_1_16?keywords=Almirah&qid=1559471782&s=gateway&sr=8-16
190,https://www.amazon.in/COMPANY-Folding-Non-Woven-Fabric-Wardrobe/dp/B07J451NG9/ref=sr_1_16?keywords=Almirah&qid=1559471782&s=gateway&sr=8-16
191,https://www.amazon.injavascript:void(0)
192,https://www.amazon.in/COMPANY-Folding-Non-Woven-Fabric-Wardrobe/dp/B07J451NG9/ref=sr_1_16?keywords=Almirah&qid=1559471782&s=gateway&sr=8-16#customerReviews
193,https://www.amazon.in/COMPANY-Folding-Non-Woven-Fabric-Wardrobe/dp/B07J451NG9/ref=sr_1_16?keywords=Almirah&qid=1559471782&s=gateway&sr=8-16
194,https://www.amazon.in/gp/offer-listing/B07J451NG9/ref=sr_1_16_olp?keywords=Almirah&qid=1559471782&s=gateway&sr=8-16
195,https://www.amazon.in/Store-Big-Sell-Organizer-Multicolour/dp/B07QNYSNJB/ref=sr_1_17?keywords=Almirah&qid=1559471782&s=gateway&sr=8-17
196,https://www.amazon.in/Store-Big-Sell-Organizer-Multicolour/dp/B07QNYSNJB/ref=sr_1_17?keywords=Almirah&qid=1559471782&s=gateway&sr=8-17
197,https://www.amazon.in/Store-Big-Sell-Organizer-Multicolour/dp/B07QNYSNJB/ref=sr_1_17?keywords=Almirah&qid=1559471782&s=gateway&sr=8-17
198,https://www.amazon.in/embross-high-Plastic-Wardrobe-Black/dp/B07MJ1KM2Z/ref=sr_1_18?keywords=Almirah&qid=1559471782&s=gateway&sr=8-18
199,https://www.amazon.in/embross-high-Plastic-Wardrobe-Black/dp/B07MJ1KM2Z/ref=sr_1_18?keywords=Almirah&qid=1559471782&s=gateway&sr=8-18
200,https://www.amazon.injavascript:void(0)
201,https://www.amazon.in/embross-high-Plastic-Wardrobe-Black/dp/B07MJ1KM2Z/ref=sr_1_18?keywords=Almirah&qid=1559471782&s=gateway&sr=8-18#customerReviews
202,https://www.amazon.in/embross-high-Plastic-Wardrobe-Black/dp/B07MJ1KM2Z/ref=sr_1_18?keywords=Almirah&qid=1559471782&s=gateway&sr=8-18
203,https://www.amazon.in/BUCKETLIST-Organizer-Wardrobe-Collapsible-Dimension/dp/B07R4ZLF25/ref=sr_1_19?keywords=Almirah&qid=1559471782&s=gateway&sr=8-19
204,https://www.amazon.in/BUCKETLIST-Organizer-Wardrobe-Collapsible-Dimension/dp/B07R4ZLF25/ref=sr_1_19?keywords=Almirah&qid=1559471782&s=gateway&sr=8-19
205,https://www.amazon.injavascript:void(0)
206,https://www.amazon.in/BUCKETLIST-Organizer-Wardrobe-Collapsible-Dimension/dp/B07R4ZLF25/ref=sr_1_19?keywords=Almirah&qid=1559471782&s=gateway&sr=8-19#customerReviews
207,https://www.amazon.in/BUCKETLIST-Organizer-Wardrobe-Collapsible-Dimension/dp/B07R4ZLF25/ref=sr_1_19?keywords=Almirah&qid=1559471782&s=gateway&sr=8-19
208,https://www.amazon.in/gp/slredirect/picassoRedirect.html/ref=pa_sp_mtf_aps_sr_pg1_1?ie=UTF8&adId=A03496692CDHP4A7Z56OK&url=%2FPortable-Foldable-Wardrobe-Shelves-Assembled%2Fdp%2FB07CBNJ4WB%2Fref%3Dsr_1_20_sspa%3Fkeywords%3DAlmirah%26qid%3D1559471782%26s%3Dgateway%26sr%3D8-20-spons%26psc%3D1&qualifier=1559471782&id=8687624628017344&widgetName=sp_mtf
209,https://www.amazon.inhttps://services.amazon.in/services/sponsored-products/how-it-works.html
210,https://www.amazon.in#
211,https://www.amazon.in/gp/slredirect/picassoRedirect.html/ref=pa_sp_mtf_aps_sr_pg1_1?ie=UTF8&adId=A03496692CDHP4A7Z56OK&url=%2FPortable-Foldable-Wardrobe-Shelves-Assembled%2Fdp%2FB07CBNJ4WB%2Fref%3Dsr_1_20_sspa%3Fkeywords%3DAlmirah%26qid%3D1559471782%26s%3Dgateway%26sr%3D8-20-spons%26psc%3D1&qualifier=1559471782&id=8687624628017344&widgetName=sp_mtf
212,https://www.amazon.in/gp/slredirect/picassoRedirect.html/ref=pa_sp_mtf_aps_sr_pg1_1?ie=UTF8&adId=A03496692CDHP4A7Z56OK&url=%2FPortable-Foldable-Wardrobe-Shelves-Assembled%2Fdp%2FB07CBNJ4WB%2Fref%3Dsr_1_20_sspa%3Fkeywords%3DAlmirah%26qid%3D1559471782%26s%3Dgateway%26sr%3D8-20-spons%26psc%3D1&qualifier=1559471782&id=8687624628017344&widgetName=sp_mtf
213,https://www.amazon.in/gp/slredirect/picassoRedirect.html/ref=pa_sp_mtf_aps_sr_pg1_2?ie=UTF8&adId=A00666451QK24MD15VJQY&url=%2FMINNAS-CENTRAL-Fashion-Multipurpose-Wardrobe%2Fdp%2FB07M9QSM3M%2Fref%3Dsr_1_21_sspa%3Fkeywords%3DAlmirah%26qid%3D1559471782%26s%3Dgateway%26sr%3D8-21-spons%26psc%3D1%26smid%3DA2OIMMOT9HM76C&qualifier=1559471782&id=8687624628017344&widgetName=sp_mtf
214,https://www.amazon.inhttps://services.amazon.in/services/sponsored-products/how-it-works.html
215,https://www.amazon.in#
216,https://www.amazon.in/gp/slredirect/picassoRedirect.html/ref=pa_sp_mtf_aps_sr_pg1_2?ie=UTF8&adId=A00666451QK24MD15VJQY&url=%2FMINNAS-CENTRAL-Fashion-Multipurpose-Wardrobe%2Fdp%2FB07M9QSM3M%2Fref%3Dsr_1_21_sspa%3Fkeywords%3DAlmirah%26qid%3D1559471782%26s%3Dgateway%26sr%3D8-21-spons%26psc%3D1%26smid%3DA2OIMMOT9HM76C&qualifier=1559471782&id=8687624628017344&widgetName=sp_mtf
217,https://www.amazon.injavascript:void(0)
218,https://www.amazon.in/gp/slredirect/picassoRedirect.html/ref=pa_sp_mtf_aps_sr_pg1_2?ie=UTF8&adId=A00666451QK24MD15VJQY&url=%2FMINNAS-CENTRAL-Fashion-Multipurpose-Wardrobe%2Fdp%2FB07M9QSM3M%2Fref%3Dsr_1_21_sspa%3Fkeywords%3DAlmirah%26qid%3D1559471782%26s%3Dgateway%26sr%3D8-21-spons%26psc%3D1%26smid%3DA2OIMMOT9HM76C&qualifier=1559471782&id=8687624628017344&widgetName=sp_mtf#customerReviews
219,https://www.amazon.in/gp/slredirect/picassoRedirect.html/ref=pa_sp_mtf_aps_sr_pg1_2?ie=UTF8&adId=A00666451QK24MD15VJQY&url=%2FMINNAS-CENTRAL-Fashion-Multipurpose-Wardrobe%2Fdp%2FB07M9QSM3M%2Fref%3Dsr_1_21_sspa%3Fkeywords%3DAlmirah%26qid%3D1559471782%26s%3Dgateway%26sr%3D8-21-spons%26psc%3D1%26smid%3DA2OIMMOT9HM76C&qualifier=1559471782&id=8687624628017344&widgetName=sp_mtf
220,https://www.amazon.in/gp/slredirect/picassoRedirect.html/ref=pa_sp_mtf_aps_sr_pg1_3?ie=UTF8&adId=A09530362FGT8DA6SLPAE&url=%2FHexzone-Portable-Multipurpose-Foldable-Wardrobe%2Fdp%2FB07Q24PN4Q%2Fref%3Dsr_1_22_sspa%3Fkeywords%3DAlmirah%26qid%3D1559471782%26s%3Dgateway%26sr%3D8-22-spons%26psc%3D1&qualifier=1559471782&id=8687624628017344&widgetName=sp_mtf
221,https://www.amazon.inhttps://services.amazon.in/services/sponsored-products/how-it-works.html
222,https://www.amazon.in#
223,https://www.amazon.in/gp/slredirect/picassoRedirect.html/ref=pa_sp_mtf_aps_sr_pg1_3?ie=UTF8&adId=A09530362FGT8DA6SLPAE&url=%2FHexzone-Portable-Multipurpose-Foldable-Wardrobe%2Fdp%2FB07Q24PN4Q%2Fref%3Dsr_1_22_sspa%3Fkeywords%3DAlmirah%26qid%3D1559471782%26s%3Dgateway%26sr%3D8-22-spons%26psc%3D1&qualifier=1559471782&id=8687624628017344&widgetName=sp_mtf
224,https://www.amazon.in/gp/slredirect/picassoRedirect.html/ref=pa_sp_mtf_aps_sr_pg1_3?ie=UTF8&adId=A09530362FGT8DA6SLPAE&url=%2FHexzone-Portable-Multipurpose-Foldable-Wardrobe%2Fdp%2FB07Q24PN4Q%2Fref%3Dsr_1_22_sspa%3Fkeywords%3DAlmirah%26qid%3D1559471782%26s%3Dgateway%26sr%3D8-22-spons%26psc%3D1&qualifier=1559471782&id=8687624628017344&widgetName=sp_mtf
225,https://www.amazon.in/gp/bestsellers/toys/1378324031/ref=sr_bs_22_1378324031_1
226,https://www.amazon.in/Ratnas-Premium-Storewell-Kids-Pink/dp/B079YSHH6B/ref=sr_1_23?keywords=Almirah&qid=1559471782&s=gateway&sr=8-23
227,https://www.amazon.in/Ratnas-Premium-Storewell-Kids-Pink/dp/B079YSHH6B/ref=sr_1_23?keywords=Almirah&qid=1559471782&s=gateway&sr=8-23
228,https://www.amazon.injavascript:void(0)
229,https://www.amazon.in/Ratnas-Premium-Storewell-Kids-Pink/dp/B079YSHH6B/ref=sr_1_23?keywords=Almirah&qid=1559471782&s=gateway&sr=8-23#customerReviews
230,https://www.amazon.in/Ratnas-Premium-Storewell-Kids-Pink/dp/B079YSHH6B/ref=sr_1_23?keywords=Almirah&qid=1559471782&s=gateway&sr=8-23
231,https://www.amazon.in/Portable-Foldable-Multipurpose-Wardrobe-Organizer/dp/B07R2JYZGR/ref=sr_1_24?keywords=Almirah&qid=1559471782&s=gateway&sr=8-24
232,https://www.amazon.in/Portable-Foldable-Multipurpose-Wardrobe-Organizer/dp/B07R2JYZGR/ref=sr_1_24?keywords=Almirah&qid=1559471782&s=gateway&sr=8-24
233,https://www.amazon.in/Portable-Foldable-Multipurpose-Wardrobe-Organizer/dp/B07R2JYZGR/ref=sr_1_24?keywords=Almirah&qid=1559471782&s=gateway&sr=8-24
234,https://www.amazon.in/gp/offer-listing/B07R2JYZGR/ref=sr_1_24_olp?keywords=Almirah&qid=1559471782&s=gateway&sr=8-24
235,https://www.amazon.in/Cello-Novelty-Large-Cupboard-Brown/dp/B01CQW6GUM/ref=sr_1_25?keywords=Almirah&qid=1559471782&s=gateway&sr=8-25
236,https://www.amazon.in/Cello-Novelty-Large-Cupboard-Brown/dp/B01CQW6GUM/ref=sr_1_25?keywords=Almirah&qid=1559471782&s=gateway&sr=8-25
237,https://www.amazon.injavascript:void(0)
238,https://www.amazon.in/Cello-Novelty-Large-Cupboard-Brown/dp/B01CQW6GUM/ref=sr_1_25?keywords=Almirah&qid=1559471782&s=gateway&sr=8-25#customerReviews
239,https://www.amazon.in/Cello-Novelty-Large-Cupboard-Brown/dp/B01CQW6GUM/ref=sr_1_25?keywords=Almirah&qid=1559471782&s=gateway&sr=8-25
240,https://www.amazon.in/gp/offer-listing/B01CQW6GUM/ref=sr_1_25_olp?keywords=Almirah&qid=1559471782&s=gateway&sr=8-25
241,https://www.amazon.in/Spacewood-Wardrobe-Woodpore-Finish-Natural/dp/B075JKL9FT/ref=sr_1_26?keywords=Almirah&qid=1559471782&s=gateway&sr=8-26
242,https://www.amazon.in/Spacewood-Wardrobe-Woodpore-Finish-Natural/dp/B075JKL9FT/ref=sr_1_26?keywords=Almirah&qid=1559471782&s=gateway&sr=8-26
243,https://www.amazon.injavascript:void(0)
244,https://www.amazon.in/Spacewood-Wardrobe-Woodpore-Finish-Natural/dp/B075JKL9FT/ref=sr_1_26?keywords=Almirah&qid=1559471782&s=gateway&sr=8-26#customerReviews
245,https://www.amazon.in/gp/offer-listing/B075JKL9FT/ref=sr_1_26_olp?keywords=Almirah&qid=1559471782&s=gateway&sr=8-26
246,https://www.amazon.in/House-Quirk-Portable-Wardrobe-Organizer/dp/B07GXP2WFC/ref=sr_1_27?keywords=Almirah&qid=1559471782&s=gateway&sr=8-27
247,https://www.amazon.in/House-Quirk-Portable-Wardrobe-Organizer/dp/B07GXP2WFC/ref=sr_1_27?keywords=Almirah&qid=1559471782&s=gateway&sr=8-27
248,https://www.amazon.injavascript:void(0)
249,https://www.amazon.in/House-Quirk-Portable-Wardrobe-Organizer/dp/B07GXP2WFC/ref=sr_1_27?keywords=Almirah&qid=1559471782&s=gateway&sr=8-27#customerReviews
250,https://www.amazon.in/House-Quirk-Portable-Wardrobe-Organizer/dp/B07GXP2WFC/ref=sr_1_27?keywords=Almirah&qid=1559471782&s=gateway&sr=8-27
251,https://www.amazon.in/gp/bestsellers/kitchen/8464307031/ref=sr_bs_27_8464307031_1
252,https://www.amazon.in/CbeeSo-10-Racks-Foldable-Wardrobe/dp/B06XQTH1LG/ref=sr_1_28?keywords=Almirah&qid=1559471782&s=gateway&sr=8-28
253,https://www.amazon.in/CbeeSo-10-Racks-Foldable-Wardrobe/dp/B06XQTH1LG/ref=sr_1_28?keywords=Almirah&qid=1559471782&s=gateway&sr=8-28
254,https://www.amazon.injavascript:void(0)
255,https://www.amazon.in/CbeeSo-10-Racks-Foldable-Wardrobe/dp/B06XQTH1LG/ref=sr_1_28?keywords=Almirah&qid=1559471782&s=gateway&sr=8-28#customerReviews
256,https://www.amazon.in/CbeeSo-10-Racks-Foldable-Wardrobe/dp/B06XQTH1LG/ref=sr_1_28?keywords=Almirah&qid=1559471782&s=gateway&sr=8-28
257,https://www.amazon.in/gp/bestsellers/kitchen/1380531031/ref=sr_bs_28_1380531031_1
258,https://www.amazon.in/Angel-Bear-Multipurpose-Organiser-Wardrobe/dp/B07F13HDSL/ref=sr_1_29?keywords=Almirah&qid=1559471782&s=gateway&sr=8-29
259,https://www.amazon.in/Angel-Bear-Multipurpose-Organiser-Wardrobe/dp/B07F13HDSL/ref=sr_1_29?keywords=Almirah&qid=1559471782&s=gateway&sr=8-29
260,https://www.amazon.injavascript:void(0)
261,https://www.amazon.in/Angel-Bear-Multipurpose-Organiser-Wardrobe/dp/B07F13HDSL/ref=sr_1_29?keywords=Almirah&qid=1559471782&s=gateway&sr=8-29#customerReviews
262,https://www.amazon.in/Angel-Bear-Multipurpose-Organiser-Wardrobe/dp/B07F13HDSL/ref=sr_1_29?keywords=Almirah&qid=1559471782&s=gateway&sr=8-29
263,https://www.amazon.in/Unique-Gadget-Portable-Collapsible-Organizer/dp/B07FQP1PGS/ref=sr_1_30?keywords=Almirah&qid=1559471782&s=gateway&sr=8-30
264,https://www.amazon.in/Unique-Gadget-Portable-Collapsible-Organizer/dp/B07FQP1PGS/ref=sr_1_30?keywords=Almirah&qid=1559471782&s=gateway&sr=8-30
265,https://www.amazon.injavascript:void(0)
266,https://www.amazon.in/Unique-Gadget-Portable-Collapsible-Organizer/dp/B07FQP1PGS/ref=sr_1_30?keywords=Almirah&qid=1559471782&s=gateway&sr=8-30#customerReviews
267,https://www.amazon.in/Unique-Gadget-Portable-Collapsible-Organizer/dp/B07FQP1PGS/ref=sr_1_30?keywords=Almirah&qid=1559471782&s=gateway&sr=8-30
268,https://www.amazon.in/DecorNation-Vegas-Engineered-Living-Entrance/dp/B07P669FJL/ref=sr_1_31?keywords=Almirah&qid=1559471782&s=gateway&sr=8-31
269,https://www.amazon.in/DecorNation-Vegas-Engineered-Living-Entrance/dp/B07P669FJL/ref=sr_1_31?keywords=Almirah&qid=1559471782&s=gateway&sr=8-31
270,https://www.amazon.injavascript:void(0)
271,https://www.amazon.in/DecorNation-Vegas-Engineered-Living-Entrance/dp/B07P669FJL/ref=sr_1_31?keywords=Almirah&qid=1559471782&s=gateway&sr=8-31#customerReviews
272,https://www.amazon.in/DecorNation-Vegas-Engineered-Living-Entrance/dp/B07P669FJL/ref=sr_1_31?keywords=Almirah&qid=1559471782&s=gateway&sr=8-31
273,https://www.amazon.in/Flipzon-Multipurpose-Shelve-Foldable-Almirah/dp/B0791HGCRP/ref=sr_1_32?keywords=Almirah&qid=1559471782&s=gateway&sr=8-32
274,https://www.amazon.in/Flipzon-Multipurpose-Shelve-Foldable-Almirah/dp/B0791HGCRP/ref=sr_1_32?keywords=Almirah&qid=1559471782&s=gateway&sr=8-32
275,https://www.amazon.injavascript:void(0)
276,https://www.amazon.in/Flipzon-Multipurpose-Shelve-Foldable-Almirah/dp/B0791HGCRP/ref=sr_1_32?keywords=Almirah&qid=1559471782&s=gateway&sr=8-32#customerReviews
277,https://www.amazon.in/gp/goldbox/
278,https://www.amazon.in/Flipzon-Multipurpose-Shelve-Foldable-Almirah/dp/B0791HGCRP/ref=sr_1_32?keywords=Almirah&qid=1559471782&s=gateway&sr=8-32
279,https://www.amazon.in/Nilkamal-Freedom-Cabinet-Drawers-Weather/dp/B01BY6ZYFO/ref=sr_1_33?keywords=Almirah&qid=1559471782&s=gateway&sr=8-33
280,https://www.amazon.in/Nilkamal-Freedom-Cabinet-Drawers-Weather/dp/B01BY6ZYFO/ref=sr_1_33?keywords=Almirah&qid=1559471782&s=gateway&sr=8-33
281,https://www.amazon.injavascript:void(0)
282,https://www.amazon.in/Nilkamal-Freedom-Cabinet-Drawers-Weather/dp/B01BY6ZYFO/ref=sr_1_33?keywords=Almirah&qid=1559471782&s=gateway&sr=8-33#customerReviews
283,https://www.amazon.in/Nilkamal-Freedom-Cabinet-Drawers-Weather/dp/B01BY6ZYFO/ref=sr_1_33?keywords=Almirah&qid=1559471782&s=gateway&sr=8-33
284,https://www.amazon.in/gp/offer-listing/B01BY6ZYFO/ref=sr_1_33_olp?keywords=Almirah&qid=1559471782&s=gateway&sr=8-33
285,https://www.amazon.in/Cbeeso-Foldable-Cabinet-Finishing-Colour-Dark/dp/B076X66N81/ref=sr_1_34?keywords=Almirah&qid=1559471782&s=gateway&sr=8-34
286,https://www.amazon.in/Cbeeso-Foldable-Cabinet-Finishing-Colour-Dark/dp/B076X66N81/ref=sr_1_34?keywords=Almirah&qid=1559471782&s=gateway&sr=8-34
287,https://www.amazon.injavascript:void(0)
288,https://www.amazon.in/Cbeeso-Foldable-Cabinet-Finishing-Colour-Dark/dp/B076X66N81/ref=sr_1_34?keywords=Almirah&qid=1559471782&s=gateway&sr=8-34#customerReviews
289,https://www.amazon.in/Cbeeso-Foldable-Cabinet-Finishing-Colour-Dark/dp/B076X66N81/ref=sr_1_34?keywords=Almirah&qid=1559471782&s=gateway&sr=8-34
290,https://www.amazon.in/HOUZIE-Portable-Foldable-Collapsible-Both-Side/dp/B07QHB2YN4/ref=sr_1_35?keywords=Almirah&qid=1559471782&s=gateway&sr=8-35
291,https://www.amazon.in/HOUZIE-Portable-Foldable-Collapsible-Both-Side/dp/B07QHB2YN4/ref=sr_1_35?keywords=Almirah&qid=1559471782&s=gateway&sr=8-35
292,https://www.amazon.injavascript:void(0)
293,https://www.amazon.in/HOUZIE-Portable-Foldable-Collapsible-Both-Side/dp/B07QHB2YN4/ref=sr_1_35?keywords=Almirah&qid=1559471782&s=gateway&sr=8-35#customerReviews
294,https://www.amazon.in/HOUZIE-Portable-Foldable-Collapsible-Both-Side/dp/B07QHB2YN4/ref=sr_1_35?keywords=Almirah&qid=1559471782&s=gateway&sr=8-35
295,https://www.amazon.in/HOUZIE-Portable-Foldable-Collapsible-Both-Side/dp/B07QKWH3MW/ref=sr_1_36?keywords=Almirah&qid=1559471782&s=gateway&sr=8-36
296,https://www.amazon.in/HOUZIE-Portable-Foldable-Collapsible-Both-Side/dp/B07QKWH3MW/ref=sr_1_36?keywords=Almirah&qid=1559471782&s=gateway&sr=8-36
297,https://www.amazon.injavascript:void(0)
298,https://www.amazon.in/HOUZIE-Portable-Foldable-Collapsible-Both-Side/dp/B07QKWH3MW/ref=sr_1_36?keywords=Almirah&qid=1559471782&s=gateway&sr=8-36#customerReviews
299,https://www.amazon.in/HOUZIE-Portable-Foldable-Collapsible-Both-Side/dp/B07QKWH3MW/ref=sr_1_36?keywords=Almirah&qid=1559471782&s=gateway&sr=8-36
300,https://www.amazon.in/Little-Ones-Shelves-Foldable-Wardrobe/dp/B075P7WW6F/ref=sr_1_37?keywords=Almirah&qid=1559471782&s=gateway&sr=8-37
301,https://www.amazon.in/Little-Ones-Shelves-Foldable-Wardrobe/dp/B075P7WW6F/ref=sr_1_37?keywords=Almirah&qid=1559471782&s=gateway&sr=8-37
302,https://www.amazon.injavascript:void(0)
303,https://www.amazon.in/Little-Ones-Shelves-Foldable-Wardrobe/dp/B075P7WW6F/ref=sr_1_37?keywords=Almirah&qid=1559471782&s=gateway&sr=8-37#customerReviews
304,https://www.amazon.in/Little-Ones-Shelves-Foldable-Wardrobe/dp/B075P7WW6F/ref=sr_1_37?keywords=Almirah&qid=1559471782&s=gateway&sr=8-37
305,https://www.amazon.in/Shree-Shyam-Kripa_FOLDING-WARDROBE-ALMIRAH/dp/B01N5KPLUH/ref=sr_1_38?keywords=Almirah&qid=1559471782&s=gateway&sr=8-38
306,https://www.amazon.in/Shree-Shyam-Kripa_FOLDING-WARDROBE-ALMIRAH/dp/B01N5KPLUH/ref=sr_1_38?keywords=Almirah&qid=1559471782&s=gateway&sr=8-38
307,https://www.amazon.injavascript:void(0)
308,https://www.amazon.in/Shree-Shyam-Kripa_FOLDING-WARDROBE-ALMIRAH/dp/B01N5KPLUH/ref=sr_1_38?keywords=Almirah&qid=1559471782&s=gateway&sr=8-38#customerReviews
309,https://www.amazon.in/Shree-Shyam-Kripa_FOLDING-WARDROBE-ALMIRAH/dp/B01N5KPLUH/ref=sr_1_38?keywords=Almirah&qid=1559471782&s=gateway&sr=8-38
310,https://www.amazon.in/gp/bestsellers/kitchen/5689368031/ref=sr_bs_38_5689368031_1
311,https://www.amazon.in/Nilkamal-Chest-Drawers-Cream-Transparent/dp/B0148998I8/ref=sr_1_39?keywords=Almirah&qid=1559471782&s=gateway&sr=8-39
312,https://www.amazon.in/Nilkamal-Chest-Drawers-Cream-Transparent/dp/B0148998I8/ref=sr_1_39?keywords=Almirah&qid=1559471782&s=gateway&sr=8-39
313,https://www.amazon.injavascript:void(0)
314,https://www.amazon.in/Nilkamal-Chest-Drawers-Cream-Transparent/dp/B0148998I8/ref=sr_1_39?keywords=Almirah&qid=1559471782&s=gateway&sr=8-39#customerReviews
315,https://www.amazon.in/Nilkamal-Chest-Drawers-Cream-Transparent/dp/B0148998I8/ref=sr_1_39?keywords=Almirah&qid=1559471782&s=gateway&sr=8-39
316,https://www.amazon.in/gp/offer-listing/B0148998I8/ref=sr_1_39_olp?keywords=Almirah&qid=1559471782&s=gateway&sr=8-39
317,https://www.amazon.in/Cello-Novelty-Compact-Cupboard-Brown/dp/B01CQW6T68/ref=sr_1_40?keywords=Almirah&qid=1559471782&s=gateway&sr=8-40
318,https://www.amazon.in/Cello-Novelty-Compact-Cupboard-Brown/dp/B01CQW6T68/ref=sr_1_40?keywords=Almirah&qid=1559471782&s=gateway&sr=8-40
319,https://www.amazon.injavascript:void(0)
320,https://www.amazon.in/Cello-Novelty-Compact-Cupboard-Brown/dp/B01CQW6T68/ref=sr_1_40?keywords=Almirah&qid=1559471782&s=gateway&sr=8-40#customerReviews
321,https://www.amazon.in/Cello-Novelty-Compact-Cupboard-Brown/dp/B01CQW6T68/ref=sr_1_40?keywords=Almirah&qid=1559471782&s=gateway&sr=8-40
322,https://www.amazon.in/CbeeSo-Double-Hanger-Foldable-Wardrobe/dp/B072JGM4QB/ref=sr_1_41?keywords=Almirah&qid=1559471782&s=gateway&sr=8-41
323,https://www.amazon.in/CbeeSo-Double-Hanger-Foldable-Wardrobe/dp/B072JGM4QB/ref=sr_1_41?keywords=Almirah&qid=1559471782&s=gateway&sr=8-41
324,https://www.amazon.injavascript:void(0)
325,https://www.amazon.in/CbeeSo-Double-Hanger-Foldable-Wardrobe/dp/B072JGM4QB/ref=sr_1_41?keywords=Almirah&qid=1559471782&s=gateway&sr=8-41#customerReviews
326,https://www.amazon.in/CbeeSo-Double-Hanger-Foldable-Wardrobe/dp/B072JGM4QB/ref=sr_1_41?keywords=Almirah&qid=1559471782&s=gateway&sr=8-41
327,https://www.amazon.in/Styleys-Portable-Wardrobe-Cupboard-Collapsible/dp/B07JVW5PC5/ref=sr_1_42?keywords=Almirah&qid=1559471782&s=gateway&sr=8-42
328,https://www.amazon.in/Styleys-Portable-Wardrobe-Cupboard-Collapsible/dp/B07JVW5PC5/ref=sr_1_42?keywords=Almirah&qid=1559471782&s=gateway&sr=8-42
329,https://www.amazon.injavascript:void(0)
330,https://www.amazon.in/Styleys-Portable-Wardrobe-Cupboard-Collapsible/dp/B07JVW5PC5/ref=sr_1_42?keywords=Almirah&qid=1559471782&s=gateway&sr=8-42#customerReviews
331,https://www.amazon.in/Styleys-Portable-Wardrobe-Cupboard-Collapsible/dp/B07JVW5PC5/ref=sr_1_42?keywords=Almirah&qid=1559471782&s=gateway&sr=8-42
332,https://www.amazon.in/Ratnas-Storewell-Playset-Assorted-Colours/dp/B076JHBCPW/ref=sr_1_43?keywords=Almirah&qid=1559471782&s=gateway&sr=8-43
333,https://www.amazon.in/Ratnas-Storewell-Playset-Assorted-Colours/dp/B076JHBCPW/ref=sr_1_43?keywords=Almirah&qid=1559471782&s=gateway&sr=8-43
334,https://www.amazon.injavascript:void(0)
335,https://www.amazon.in/Ratnas-Storewell-Playset-Assorted-Colours/dp/B076JHBCPW/ref=sr_1_43?keywords=Almirah&qid=1559471782&s=gateway&sr=8-43#customerReviews
336,https://www.amazon.in/Ratnas-Storewell-Playset-Assorted-Colours/dp/B076JHBCPW/ref=sr_1_43?keywords=Almirah&qid=1559471782&s=gateway&sr=8-43
337,https://www.amazon.in/Nilkamal-Gem-Mirror-Cabinet-Ivory/dp/B014898Z50/ref=sr_1_44?keywords=Almirah&qid=1559471782&s=gateway&sr=8-44
338,https://www.amazon.in/Nilkamal-Gem-Mirror-Cabinet-Ivory/dp/B014898Z50/ref=sr_1_44?keywords=Almirah&qid=1559471782&s=gateway&sr=8-44
339,https://www.amazon.injavascript:void(0)
340,https://www.amazon.in/Nilkamal-Gem-Mirror-Cabinet-Ivory/dp/B014898Z50/ref=sr_1_44?keywords=Almirah&qid=1559471782&s=gateway&sr=8-44#customerReviews
341,https://www.amazon.in/Nilkamal-Gem-Mirror-Cabinet-Ivory/dp/B014898Z50/ref=sr_1_44?keywords=Almirah&qid=1559471782&s=gateway&sr=8-44
342,https://www.amazon.in/gp/offer-listing/B014898Z50/ref=sr_1_44_olp?keywords=Almirah&qid=1559471782&s=gateway&sr=8-44
343,https://www.amazon.in/Plastic-Easy-Folding-Multipurpose-Wardrobe/dp/B071ZVKMML/ref=sr_1_45?keywords=Almirah&qid=1559471782&s=gateway&sr=8-45
344,https://www.amazon.in/Plastic-Easy-Folding-Multipurpose-Wardrobe/dp/B071ZVKMML/ref=sr_1_45?keywords=Almirah&qid=1559471782&s=gateway&sr=8-45
345,https://www.amazon.injavascript:void(0)
346,https://www.amazon.in/Plastic-Easy-Folding-Multipurpose-Wardrobe/dp/B071ZVKMML/ref=sr_1_45?keywords=Almirah&qid=1559471782&s=gateway&sr=8-45#customerReviews
347,https://www.amazon.in/Plastic-Easy-Folding-Multipurpose-Wardrobe/dp/B071ZVKMML/ref=sr_1_45?keywords=Almirah&qid=1559471782&s=gateway&sr=8-45
348,https://www.amazon.in/Nilkamal-Freedom-Cabinet-Weather-Brown/dp/B01489AABW/ref=sr_1_46?keywords=Almirah&qid=1559471782&s=gateway&sr=8-46
349,https://www.amazon.in/Nilkamal-Freedom-Cabinet-Weather-Brown/dp/B01489AABW/ref=sr_1_46?keywords=Almirah&qid=1559471782&s=gateway&sr=8-46
350,https://www.amazon.injavascript:void(0)
351,https://www.amazon.in/Nilkamal-Freedom-Cabinet-Weather-Brown/dp/B01489AABW/ref=sr_1_46?keywords=Almirah&qid=1559471782&s=gateway&sr=8-46#customerReviews
352,https://www.amazon.in/Nilkamal-Freedom-Cabinet-Weather-Brown/dp/B01489AABW/ref=sr_1_46?keywords=Almirah&qid=1559471782&s=gateway&sr=8-46
353,https://www.amazon.in/gp/offer-listing/B01489AABW/ref=sr_1_46_olp?keywords=Almirah&qid=1559471782&s=gateway&sr=8-46
354,https://www.amazon.in/Unique-Gadget-Portable-Collapsible-Organizer/dp/B07FQH18MC/ref=sr_1_47?keywords=Almirah&qid=1559471782&s=gateway&sr=8-47
355,https://www.amazon.in/Unique-Gadget-Portable-Collapsible-Organizer/dp/B07FQH18MC/ref=sr_1_47?keywords=Almirah&qid=1559471782&s=gateway&sr=8-47
356,https://www.amazon.injavascript:void(0)
357,https://www.amazon.in/Unique-Gadget-Portable-Collapsible-Organizer/dp/B07FQH18MC/ref=sr_1_47?keywords=Almirah&qid=1559471782&s=gateway&sr=8-47#customerReviews
358,https://www.amazon.in/Unique-Gadget-Portable-Collapsible-Organizer/dp/B07FQH18MC/ref=sr_1_47?keywords=Almirah&qid=1559471782&s=gateway&sr=8-47
359,https://www.amazon.in/Novatic-Foldable-Wardrobe-Almirah-Collapsible/dp/B07RVJZDLR/ref=sr_1_48?keywords=Almirah&qid=1559471782&s=gateway&sr=8-48
360,https://www.amazon.in/Novatic-Foldable-Wardrobe-Almirah-Collapsible/dp/B07RVJZDLR/ref=sr_1_48?keywords=Almirah&qid=1559471782&s=gateway&sr=8-48
361,https://www.amazon.in/Novatic-Foldable-Wardrobe-Almirah-Collapsible/dp/B07RVJZDLR/ref=sr_1_48?keywords=Almirah&qid=1559471782&s=gateway&sr=8-48
362,https://www.amazon.in/Folding-Almirah-Portable-Organizer-Wardrobe/dp/B07PY29GNH/ref=sr_1_49?keywords=Almirah&qid=1559471782&s=gateway&sr=8-49
363,https://www.amazon.in/Folding-Almirah-Portable-Organizer-Wardrobe/dp/B07PY29GNH/ref=sr_1_49?keywords=Almirah&qid=1559471782&s=gateway&sr=8-49
364,https://www.amazon.in/Folding-Almirah-Portable-Organizer-Wardrobe/dp/B07PY29GNH/ref=sr_1_49?keywords=Almirah&qid=1559471782&s=gateway&sr=8-49
365,https://www.amazon.in/Nilkamal-Freedom-Cabinet-Drawer-Blue/dp/B01BY6ZT3Q/ref=sr_1_50?keywords=Almirah&qid=1559471782&s=gateway&sr=8-50
366,https://www.amazon.in/Nilkamal-Freedom-Cabinet-Drawer-Blue/dp/B01BY6ZT3Q/ref=sr_1_50?keywords=Almirah&qid=1559471782&s=gateway&sr=8-50
367,https://www.amazon.injavascript:void(0)
368,https://www.amazon.in/Nilkamal-Freedom-Cabinet-Drawer-Blue/dp/B01BY6ZT3Q/ref=sr_1_50?keywords=Almirah&qid=1559471782&s=gateway&sr=8-50#customerReviews
369,https://www.amazon.in/Nilkamal-Freedom-Cabinet-Drawer-Blue/dp/B01BY6ZT3Q/ref=sr_1_50?keywords=Almirah&qid=1559471782&s=gateway&sr=8-50
370,https://www.amazon.in/BucketList-Wardrobe-Cabinet-Organizer-Collapsible/dp/B07R4FL8DD/ref=sr_1_51?keywords=Almirah&qid=1559471782&s=gateway&sr=8-51
371,https://www.amazon.in/BucketList-Wardrobe-Cabinet-Organizer-Collapsible/dp/B07R4FL8DD/ref=sr_1_51?keywords=Almirah&qid=1559471782&s=gateway&sr=8-51
372,https://www.amazon.in/BucketList-Wardrobe-Cabinet-Organizer-Collapsible/dp/B07R4FL8DD/ref=sr_1_51?keywords=Almirah&qid=1559471782&s=gateway&sr=8-51
373,https://www.amazon.in/Homecute-Collapsible-Portable-Organiser-Non-Woven/dp/B07FD4BFYJ/ref=sr_1_52?keywords=Almirah&qid=1559471782&s=gateway&sr=8-52
374,https://www.amazon.in/Homecute-Collapsible-Portable-Organiser-Non-Woven/dp/B07FD4BFYJ/ref=sr_1_52?keywords=Almirah&qid=1559471782&s=gateway&sr=8-52
375,https://www.amazon.injavascript:void(0)
376,https://www.amazon.in/Homecute-Collapsible-Portable-Organiser-Non-Woven/dp/B07FD4BFYJ/ref=sr_1_52?keywords=Almirah&qid=1559471782&s=gateway&sr=8-52#customerReviews
377,https://www.amazon.in/Homecute-Collapsible-Portable-Organiser-Non-Woven/dp/B07FD4BFYJ/ref=sr_1_52?keywords=Almirah&qid=1559471782&s=gateway&sr=8-52
378,https://www.amazon.in/Amardeep-Co-XXL-Multipurpose-Toy/dp/B00YGMSQH2/ref=sr_1_53?keywords=Almirah&qid=1559471782&s=gateway&sr=8-53
379,https://www.amazon.in/Amardeep-Co-XXL-Multipurpose-Toy/dp/B00YGMSQH2/ref=sr_1_53?keywords=Almirah&qid=1559471782&s=gateway&sr=8-53
380,https://www.amazon.injavascript:void(0)
381,https://www.amazon.in/Amardeep-Co-XXL-Multipurpose-Toy/dp/B00YGMSQH2/ref=sr_1_53?keywords=Almirah&qid=1559471782&s=gateway&sr=8-53#customerReviews
382,https://www.amazon.in/Amardeep-Co-XXL-Multipurpose-Toy/dp/B00YGMSQH2/ref=sr_1_53?keywords=Almirah&qid=1559471782&s=gateway&sr=8-53
383,https://www.amazon.in/gp/offer-listing/B00YGMSQH2/ref=sr_1_53_olp?keywords=Almirah&qid=1559471782&s=gateway&sr=8-53
384,https://www.amazon.in/CbeeSo-6-Racks-Portable-Wardrobe/dp/B01191E5YK/ref=sr_1_54?keywords=Almirah&qid=1559471782&s=gateway&sr=8-54
385,https://www.amazon.in/CbeeSo-6-Racks-Portable-Wardrobe/dp/B01191E5YK/ref=sr_1_54?keywords=Almirah&qid=1559471782&s=gateway&sr=8-54
386,https://www.amazon.injavascript:void(0)
387,https://www.amazon.in/CbeeSo-6-Racks-Portable-Wardrobe/dp/B01191E5YK/ref=sr_1_54?keywords=Almirah&qid=1559471782&s=gateway&sr=8-54#customerReviews
388,https://www.amazon.in/CbeeSo-6-Racks-Portable-Wardrobe/dp/B01191E5YK/ref=sr_1_54?keywords=Almirah&qid=1559471782&s=gateway&sr=8-54
389,https://www.amazon.in#s-skipLinkTargetForFilterOptions
390,https://www.amazon.in/s?k=Almirah&qid=1559471782&ref=sr_pg_1
391,https://www.amazon.in/s?k=Almirah&page=2&qid=1559471782&ref=sr_pg_2
392,https://www.amazon.in/s?k=Almirah&page=3&qid=1559471782&ref=sr_pg_3
393,https://www.amazon.in/s?k=Almirah&lo=grid&page=2&qid=1559471782&ref=sr_pg_1
394,https://www.amazon.in/gp/help/customer/display.html?nodeId=200533820
395,https://www.amazon.in/gp/help/customer/contact-us
396,https://www.amazon.in/prime/ref=nav_tooltip_redirect/258-6936058-3848032
397,https://www.amazon.in/gp/prime/ref=nav_prime_ajax_err/258-6936058-3848032
398,https://www.amazon.in/gp/yourstore/pym/ref=pd_pyml_rhf/258-6936058-3848032
399,https://www.amazon.in/gp/yourstore/pym/ref=pd_pyml_rhf/258-6936058-3848032
400,https://www.amazon.in#nav-top
401,https://www.amazon.inhttps://www.aboutamazon.in/?utm_source=gateway&utm_medium=footer
402,https://www.amazon.inhttp://amazon.jobs
403,https://www.amazon.in/b?ie=UTF8&node=1592137031&ref_=footer_press
404,https://www.amazon.in/b?ie=UTF8&node=8872558031&ref_=footer_cares
405,https://www.amazon.in/Online-Charity/b?ie=UTF8&node=4594605031&ref_=footer_smile
406,http://www.amazon.in/gp/redirect.html/ref=footer_fb?location=http://www.facebook.com/AmazonIN&token=2075D5EAC7BB214089728E2183FD391706D41E94&6
407,http://www.amazon.in/gp/redirect.html/ref=footer_twitter?location=http://twitter.com/AmazonIN&token=A309DFBFCB1E37A808FF531934855DC817F130B6&6
408,http://www.amazon.in/gp/redirect.html?location=https://www.instagram.com/amazondotin&token=264882C912E9D005CB1D9B61F12E125D5DF9BFC7&source=standards
409,https://www.amazon.in/b/?_encoding=UTF8&ld=AZINSOANavDesktopFooter&node=2838698031&ref_=nav_footer_sell
410,https://www.amazon.in/gp/redirect.html?_encoding=UTF8&location=https%3A%2F%2Faffiliate-program.amazon.in%2F%3Fref_%3Dfooter_assoc%26utm_campaign%3Dassocshowcase%26utm_medium%3Dfooter%26utm_source%3DGW&source=standards&token=4D7ADB5A094B04230C576B761FB8EC3D657E2376
411,https://www.amazon.inhttp://services.amazon.in/services/fulfilment-by-amazon/benefits.html/ref=az_footer_fba?ld=AWRGINFBAfooter
412,https://www.amazon.inhttps://advertising.amazon.in/?ref=Amz.in
413,https://www.amazon.inhttps://www.amazonpay.in/merchant
414,https://www.amazon.in/gp/css/homepage.html?ie=UTF8&ref_=footer_ya
415,https://www.amazon.in/gp/css/returns/homepage.html?ie=UTF8&ref_=footer_hy_f_4
416,https://www.amazon.in/gp/help/customer/display.html?ie=UTF8&nodeId=201083470&ref_=footer_swc
417,https://www.amazon.in/b?ie=UTF8&node=6967393031&ref_=footer_mobapp
418,https://www.amazon.in/gp/BIT/theamazonapp/ref=footer_assistant_download_copy
419,https://www.amazon.in/gp/help/customer/display.html?ie=UTF8&nodeId=200507590&ref_=footer_gw_m_b_he
420,https://www.amazon.in/?_encoding=UTF8&ref_=footer_logo
421,https://www.amazon.inhttp://www.amazon.com.au/ref=footer_au
422,https://www.amazon.inhttp://www.amazon.com.br/ref=footer_br
423,https://www.amazon.inhttp://www.amazon.ca/ref=footer_ca
424,https://www.amazon.inhttp://www.amazon.cn/ref=footer_cn
425,https://www.amazon.inhttp://www.amazon.fr/ref=footer_fr
426,https://www.amazon.inhttp://www.amazon.de/ref=footer_de
427,https://www.amazon.inhttp://www.amazon.it/ref=footer_it
428,https://www.amazon.inhttp://www.amazon.co.jp/ref=footer_jp
429,https://www.amazon.inhttp://www.amazon.com.mx/ref=footer_mx
430,https://www.amazon.inhttp://www.amazon.nl/ref=footer_nl
431,https://www.amazon.inhttp://www.amazon.es/ref=footer_es
432,https://www.amazon.inhttp://www.amazon.ae/ref=footer_ae
433,https://www.amazon.inhttp://www.amazon.co.uk/ref=footer_uk
434,https://www.amazon.inhttp://www.amazon.com/ref=footer_us
435,https://www.amazon.inhttp://www.abebooks.com/
436,https://www.amazon.inhttp://aws.amazon.com/what-is-cloud-computing/?sc_channel=EL&sc_campaign=IN_amazonfooter
437,https://www.amazon.inhttp://www.audible.in/
438,https://www.amazon.inhttp://www.dpreview.in/
439,https://www.amazon.inhttps://www.imdb.com/
440,https://www.amazon.inhttp://www.junglee.com/
441,https://www.amazon.inhttp://www.look.com/
442,https://www.amazon.inhttp://www.shopbop.com/
443,http://www.amazon.in/business?ref=footer_aingw
444,http://www.amazon.in/now?ref=footer_amznow
445,http://www.amazon.in/music/prime?ref=footer_apm
446,https://www.amazon.in/gp/help/customer/display.html?ie=UTF8&nodeId=200545940&ref_=footer_cou
447,https://www.amazon.in/gp/help/customer/display.html?ie=UTF8&nodeId=200534380&ref_=footer_privacy
448,https://www.amazon.in/b?ie=UTF8&node=6691071031&ref_=footer_iba
